Customer_Identification,Title,First_Name,Last_Name,Address_1,Address_2,Zip_Code,Telephone,Email
TEC0000001,Mrs.,Chloe,Kemp,32 Exning Road,Hargate,NR16 0XB,070 1663 7298,ChloeKemp@jourrapide.com
TEC0000002,Ms.,Caitlin,Anderson,63 Hampton Court Rd,Southwick,PE8 9LJ,079 5429 8350,CaitlinAnderson@cuvox.de
TEC0000003,Mr.,Harvey,Patel,85 Iolaire Road,New milton,BH25 6GY,070 1246 4927,HarveyPatel@superrito.com
TEC0000004,Mrs.,Abbie,Simmons,9 Trehafod Road,Buckland st mary,TA20 4YR,070 5465 5982,AbbieSimmons@rhyta.com
TEC0000005,Ms.,Abbie,Baldwin,22 Marlborough Crescent,South warnborough,RG29 8XS,077 3546 9563,AbbieBaldwin@gustr.com
TEC0000006,Ms.,Emily,Gardner,91 Circle Way,Cairnorrie,AB41 8RJ,077 5645 9496,EmilyGardner@einrot.com
TEC0000007,Ms.,Holly,Burton,75 Manor Way,Great malvern,WR14 4AR,079 7771 7330,HollyBurton@superrito.com
TEC0000008,Mr.,Ben,Gardiner,50 Fox Lane,Bodfari,LL16 3DA,070 6122 3469,BenGardiner@dayrep.com
TEC0000009,Mrs.,Louise,Watkins,41 Guildford Rd,East cowton,DL7 4RN,077 0520 5031,LouiseWatkins@gustr.com
TEC0000010,Mrs.,Freya,Miles,24 St Maurices Road,Preston,CT3 8BR,077 0047 0175,FreyaMiles@fleckens.hu
TEC0000011,Mr.,Ellis,Stewart,28 Rhosddu Rd,Fillingham,DN21 1WP,077 1069 4920,EllisStewart@einrot.com
TEC0000012,Ms.,Demi,Hunter,72 Kendell Street,Shawclough,OL12 9ZF,077 0613 4438,DemiHunter@einrot.com
TEC0000013,Mr.,Louie,Jennings,2 Church Way,Bradenstoke,SN15 7WW,070 2557 6830,LouieJennings@superrito.com
TEC0000014,Mrs.,Hannah,Atkins,65 Golf Road,Swinton,TD11 2SG,070 4863 5014,HannahAtkins@superrito.com
TEC0000015,Mr.,Mason,Steele,31 Gloucester Road,Clachan,HS8 0DY,078 7708 3579,MasonSteele@jourrapide.com
TEC0000016,Mrs.,Natasha,Houghton,75 Newport Road,Carperby,DL8 7JS,077 6673 0595,NatashaHoughton@gustr.com
TEC0000017,Mrs.,Isobel,Connor,69 Huntly Street,Barmpton,DL1 1AT,077 0154 0606,IsobelConnor@teleworm.us
TEC0000018,Mr.,David,Ellis,27 Bootham Terrace,Rawyards,ML6 0XP,079 3529 9516,DavidEllis@fleckens.hu
TEC0000019,Mrs.,Mollie,Kaur,80 Front Street,Lair,PH10 8GN,077 4059 3555,MollieKaur@rhyta.com
TEC0000020,Ms.,Scarlett,Kent,86 Brynglas Road,Glenmallan,G84 4DG,077 2594 7690,ScarlettKent@rhyta.com
TEC0000021,Mrs.,Naomi,Sanderson,31 Main Rd,Flitwick,MK45 9JH,070 0095 9020,NaomiSanderson@gustr.com
TEC0000022,Mr.,Zak,Godfrey,43 Asfordby Rd,Airton,BD23 4DH,070 6720 9567,ZakGodfrey@gustr.com
TEC0000023,Mr.,Sean,Bolton,3 Warner Close,Hatford,SN7 5FW,070 0367 8906,SeanBolton@gustr.com
TEC0000024,Mrs.,Alicia,Warner,58 Fraserburgh Rd,Lindridge,WR15 1ZX,078 1806 2890,AliciaWarner@jourrapide.com
TEC0000025,Mr.,Sebastian,Marsden,5 Middlewich Road,Fisherton,IV1 9PN,078 4711 1394,SebastianMarsden@armyspy.com
TEC0000026,Mr.,Louie,Randall,39 Lammas Street,Great barrington,OX18 1QJ,077 0610 2389,LouieRandall@dayrep.com
TEC0000027,Ms.,Jasmine,Robertson,24 Golden Knowes Road,Friog,LL38 7GH,078 6963 4986,JasmineRobertson@einrot.com
TEC0000028,Ms.,Alisha,Griffin,38 Hindhead Road,Easington,HU12 8WL,079 3889 6677,AlishaGriffin@superrito.com
TEC0000029,Mr.,Matthew,Noble,16 Ings Lane,Debate,DG11 2FS,079 5176 7231,MatthewNoble@cuvox.de
TEC0000030,Mr.,Owen,Young,24 New Dover Rd,Walcot dales,LN4 5JY,077 0842 4185,OwenYoung@jourrapide.com
TEC0000031,Mr.,Adam,Tyler,76 Wade Lane,Sanderstead,CR2 8WZ,077 3011 8349,AdamTyler@rhyta.com
TEC0000032,Mr.,Benjamin,Archer,22 Moulton Road,Gulval,TR18 6NW,070 3272 0465,BenjaminArcher@gustr.com
TEC0000033,Mrs.,Daisy,Ellis,32 Victoria Road,Litlington,BN26 7JE,077 6844 5686,DaisyEllis@teleworm.us
TEC0000034,Mrs.,Rosie,Baker,48 Moulton Road,Gunnislake,PL18 7HA,078 1734 9314,RosieBaker@dayrep.com
TEC0000035,Mr.,Ewan,Whittaker,52 Park End St,Brooks green,RH13 8AU,078 2636 9127,EwanWhittaker@jourrapide.com
TEC0000036,Mr.,Sean,Reynolds,58 Gloddaeth Street,Birdlip,GL4 7BZ,078 2747 6051,SeanReynolds@rhyta.com
TEC0000037,Mr.,Jack,Patel,27 Balsham Road,Hasland,S41 3LY,078 2551 6070,JackPatel@teleworm.us
TEC0000038,Mrs.,Lauren,George,35 Argyll Road,Llandinam,SY17 8EH,070 6021 9742,LaurenGeorge@armyspy.com
TEC0000039,Mr.,Jake,Hammond,7 Freezeland Lane,Craigellie,AB43 9ZY,070 1915 3448,JakeHammond@gustr.com
TEC0000040,Mr.,Sam,Preston,81 Abingdon Road,Bramhall,SK7 8NJ,079 1170 9294,SamPreston@armyspy.com
TEC0000041,Ms.,Isabella,Campbell,59 Vicar Lane,Sausthorpe,PE23 9YA,077 5814 3105,IsabellaCampbell@cuvox.de
TEC0000042,Mr.,Adam,Newman,26 Horsefair Green,Old philpstoun,EH49 6XE,070 7258 7947,AdamNewman@dayrep.com
TEC0000043,Mr.,David,Hope,77 Monks Way,Torry,AB1 6QW,079 2320 2280,DavidHope@dayrep.com
TEC0000044,Mrs.,Amelia,Hope,86 Walwyn Rd,Charles tye,IP14 2UG,078 4751 6533,AmeliaHope@dayrep.com
TEC0000045,Mr.,Bradley,Cooper,7 Annfield Rd,Bedgebury cross,TN17 0UA,070 4339 0339,BradleyCooper@superrito.com
TEC0000046,Mrs.,Rebecca,Naylor,16 Castledore Road,Twyford,NR20 5GP,078 1548 7572,RebeccaNaylor@gustr.com
TEC0000047,Mrs.,Madeleine,Davey,80 Abbey Row,Nunnington,YO62 2ZL,078 6762 9099,MadeleineDavey@rhyta.com
TEC0000048,Mr.,Jude,Webster,34 St James Boulevard,Horsehouse,DL8 1ER,079 6503 3459,JudeWebster@jourrapide.com
TEC0000049,Mr.,Louis,Hudson,8 Coast Rd,Kirkton of craig,DD10 2LP,070 2409 1607,LouisHudson@rhyta.com
TEC0000050,Mr.,Joseph,Norris,99 Whitchurch Road,Ely,CF5 7ZQ,077 0954 5662,JosephNorris@gustr.com
TEC0000051,Ms.,Kiera,Leonard,76 Netherpark Crescent,Stenhousemuir,FK5 4AE,077 6067 2084,KieraLeonard@fleckens.hu
TEC0000052,Mr.,David,Tyler,92 Old Chapel Road,Garvestone,NR9 6YS,070 5559 1912,DavidTyler@dayrep.com
TEC0000053,Mr.,Jay,Murray,83 East Street,Marbury,SY13 7ND,077 3590 8061,JayMurray@cuvox.de
TEC0000054,Mrs.,Zara,Payne,37 Folkestone Road,Winestead,HU12 9BH,070 5438 2219,ZaraPayne@rhyta.com
TEC0000055,Mrs.,Charlie,Pugh,48 Guild Street,London,N18 3HH,079 0501 4346,CharliePugh@fleckens.hu
TEC0000056,Ms.,Sophie,Williams,1 Trinity Crescent,Wheelock,CW11 4DW,070 0934 7191,SophieWilliams@gustr.com
TEC0000057,Mrs.,Holly,Sutton,72 Eastbourne Rd,Cold ash,RG18 2GS,070 4772 3622,HollySutton@armyspy.com
TEC0000058,Ms.,Victoria,Wilkins,32 Wrexham Rd,Fairoak,ST21 9NT,070 0328 5035,VictoriaWilkins@jourrapide.com
TEC0000059,Mr.,Kieran,Wilkinson,9 Main St,Aboyne,AB34 4JU,078 3243 1711,KieranWilkinson@teleworm.us
TEC0000060,Ms.,Lucy,Murray,36 Sutton Wick Lane,Brineton,TF11 7ZT,070 3752 2313,LucyMurray@teleworm.us
TEC0000061,Mr.,Owen,Mitchell,8 Asfordby Rd,Alcaston,SY6 6DQ,077 7867 6947,OwenMitchell@gustr.com
TEC0000062,Mrs.,Lara,Sanderson,38 Greyfriars Road,Caolas,PA77 1XA,077 0868 8256,LaraSanderson@fleckens.hu
TEC0000063,Mr.,Isaac,Middleton,65 Eastbourne Rd,Collett's green,WR2 0DB,077 2784 6892,IsaacMiddleton@dayrep.com
TEC0000064,Mr.,Jude,Pritchard,29 Front St,Hempholme,YO25 6LW,079 7658 0871,JudePritchard@fleckens.hu
TEC0000065,Mr.,Isaac,Butler,59 Boughton Rd,Wicken,MK19 9JZ,070 6311 6983,IsaacButler@rhyta.com
TEC0000066,Mr.,Taylor,Clark,47 Maidstone Road,West bilney,PE32 0NH,070 8663 6077,TaylorClark@fleckens.hu
TEC0000067,Mr.,Aidan,Wallis,59 Iolaire Road,New end,B96 8QS,078 3071 9602,AidanWallis@jourrapide.com
TEC0000068,Ms.,Alisha,Andrews,35 Uxbridge Road,Slackhall,SK12 4RR,079 7865 1298,AlishaAndrews@armyspy.com
TEC0000069,Ms.,Freya,Kent,86 Nith Street,Glenborrodale,PH36 8NP,079 2136 0471,FreyaKent@armyspy.com
TEC0000070,Mr.,Callum,Kerr,3 Bouverie Road,Westnewton,CA5 4DN,078 7382 3972,CallumKerr@superrito.com
TEC0000071,Ms.,Imogen,Grant,38 Scrimshire Lane,Askham,NG22 5XP,079 8901 7460,ImogenGrant@dayrep.com
TEC0000072,Mr.,Scott,Newman,50 Gloucester Road,Clachandhu,PA68 5RE,077 7552 9530,ScottNewman@rhyta.com
TEC0000073,Mr.,Edward,Francis,75 Abingdon Road,Braunstone,LE3 1BH,077 1391 9624,EdwardFrancis@einrot.com
TEC0000074,Mr.,Cameron,Scott,99 Great Western Road,Longton,PR4 4FB,077 6914 1775,CameronScott@cuvox.de
TEC0000075,Mr.,Callum,Chan,69 Berkeley Rd,Strathan,IV27 5NN,077 8734 4009,CallumChan@superrito.com
TEC0000076,Mr.,Harvey,Simpson,96 Walwyn Rd,Charlton,SG5 1GE,078 1807 3393,HarveySimpson@superrito.com
TEC0000077,Mr.,Elliot,Whittaker,87 Ramsgate Rd,Wigsthorpe,NN14 1ZY,078 1212 4996,ElliotWhittaker@cuvox.de
TEC0000078,Ms.,Paige,Garner,54 Holburn Lane,Hedsor,HP10 9FN,079 8413 4017,PaigeGarner@rhyta.com
TEC0000079,Mrs.,Danielle,Garner,52 Hendford Hill,Moulton,CW9 6QT,079 0854 4569,DanielleGarner@rhyta.com
TEC0000080,Ms.,Naomi,Burrows,21 Front St,Hengoed,HR5 6XZ,079 4003 2173,NaomiBurrows@gustr.com
TEC0000081,Mrs.,Maya,Alexander,97 Wern Ddu Lane,Lusby,PE23 8JJ,070 8570 2044,MayaAlexander@fleckens.hu
TEC0000082,Mr.,Louie,Patel,51 Dunmow Road,Greshornish,IV51 2SB,079 6037 2173,LouiePatel@rhyta.com
TEC0000083,Ms.,Amy,Collier,28 Hindhead Road,Earlswood,NP6 8ZT,070 3346 8006,AmyCollier@armyspy.com
TEC0000084,Mrs.,Matilda,Kelly,15 Tadcaster Rd,Pilton,EX31 5FY,078 5316 1474,MatildaKelly@rhyta.com
TEC0000085,Mrs.,Jasmine,Atkinson,1 Southlands Road,Poling corner,BN18 6UW,070 8091 0417,JasmineAtkinson@cuvox.de
TEC0000086,Mr.,Jayden,Wheeler,34 Front St,Hensingham,CA28 0ZG,077 8754 2452,JaydenWheeler@gustr.com
TEC0000087,Mr.,Lewis,Griffin,39 Petworth Rd,Eaglesfield,CA13 3DP,078 0359 2059,LewisGriffin@gustr.com
TEC0000088,Mrs.,Kate,King,95 Great North Road,Altonside,IV30 6GF,078 2268 3437,KateKing@rhyta.com
TEC0000089,Mr.,Leon,Douglas,11 Kingsway North,Hollinwood,SY13 4ZQ,077 0125 1207,LeonDouglas@dayrep.com
TEC0000090,Mrs.,Summer,Reed,44 Fraserburgh Rd,Linley green,WR6 5LT,078 4958 2521,SummerReed@superrito.com
TEC0000091,Mr.,Louie,Webster,61 Jubilee Drive,Catcleugh,NE19 1GW,070 7425 3405,LouieWebster@rhyta.com
TEC0000092,Ms.,Katie,Perkins,52 Mill Lane,Cornquoy,KW17 9ES,077 6927 9122,KatiePerkins@dayrep.com
TEC0000093,Ms.,Maisie,Khan,74 Station Rd,Queensbury,BD13 5FG,079 5678 8073,MaisieKhan@superrito.com
TEC0000094,Mr.,Adam,Edwards,7 Circle Way,Cadeby,DN5 1DQ,078 3536 3418,AdamEdwards@gustr.com
TEC0000095,Mr.,Tom,Cooper,30 Wade Lane,Sandford,BH20 2PZ,077 4417 2872,TomCooper@rhyta.com
TEC0000096,Mr.,Jacob,Wallis,4 Grenoble Road,Bretherton,PR5 8JQ,077 5165 1450,JacobWallis@armyspy.com
TEC0000097,Dr.,Isaac,Marsh,81 Preston Rd,Moorsholm,TS12 4YR,079 8620 0241,IsaacMarsh@dayrep.com
TEC0000098,Ms.,Lilly,Summers,36 Whitby Road,Denio,LL53 6PF,079 1938 2229,LillySummers@armyspy.com
TEC0000099,Ms.,Tilly,Phillips,6 Balsham Road,Harrowden,MK42 6JG,079 2985 5092,TillyPhillips@rhyta.com
TEC0000100,Mr.,Oliver,White,67 Netherpark Crescent,Sticklepath,EX20 1WX,079 6406 0455,OliverWhite@fleckens.hu
TEC0000101,Mrs.,Ava,Robinson,75 Northgate Street,Bierton,HP22 1XF,070 7201 9099,AvaRobinson@rhyta.com
TEC0000102,Ms.,Charlotte,Buckley,87 Folkestone Road,Winster,DE4 2PS,078 0436 5026,CharlotteBuckley@teleworm.us
TEC0000103,Mr.,Hayden,Johnston,24 Bridge Street,Goring-by-sea,BN12 7JX,070 4141 4982,HaydenJohnston@fleckens.hu
TEC0000104,Mr.,Elliot,Williams,67 Lairg Road,Newcastle upon tyne (po boxes),NE99 4UG,078 5820 3295,ElliotWilliams@rhyta.com
TEC0000105,Mrs.,Alicia,Chadwick,24 Jesmond Rd,Killiehuntly,PH21 3XT,077 1247 4883,AliciaChadwick@gustr.com
TEC0000106,Mr.,Sebastian,Russell,97 Park End St,Brompton on swale,DL10 4XU,070 7547 2047,SebastianRussell@dayrep.com
TEC0000107,Mr.,Luca,Atkinson,6 Abbey Row,Norton canon,HR4 9PN,077 2558 9322,LucaAtkinson@armyspy.com
TEC0000108,Mrs.,Imogen,Stanley,39 Broad Street,Lowgill,LA8 4ED,077 8894 1000,ImogenStanley@fleckens.hu
TEC0000109,Mrs.,Sophia,O'Donnell,36 Guildry Street,Gallowstree common,RG4 7AN,079 2157 3728,SophiaODonnell@gustr.com
TEC0000110,Mr.,George,Williams,25 Stone Cellar Road,Kinloch rannoch,PH16 6ZB,078 5642 6391,GeorgeWilliams@dayrep.com
TEC0000111,Mrs.,Zara,Marsden,13 Cloch Rd,St keverne,TR12 2BW,070 4113 8658,ZaraMarsden@einrot.com
TEC0000112,Mr.,Archie,Shaw,39 Carriers Road,Croes y pant,NP4 0RG,079 5010 9528,ArchieShaw@superrito.com
TEC0000113,Mrs.,Yasmin,Williams,19 Seafield Street,Llanwnda,SA64 3TZ,078 2204 6151,YasminWilliams@rhyta.com
TEC0000114,Mr.,Kyle,Lloyd,96 Brynglas Road,Glenkiln,KA27 2HN,079 4127 9162,KyleLloyd@fleckens.hu
TEC0000115,Mr.,Alfie,Barker,17 North Promenade,Dolphinton,EH46 5XP,077 0832 5682,AlfieBarker@jourrapide.com
TEC0000116,Ms.,Chelsea,Kennedy,27 Prince Consort Road,Keldholme,YO6 2TU,077 4775 4014,ChelseaKennedy@dayrep.com
TEC0000117,Mr.,Tyler,Harrison,6 Glenurquhart Road,Baldwin,IM4 5HZ,070 0952 0464,TylerHarrison@fleckens.hu
TEC0000118,Mr.,Oliver,Hutchinson,85 Great Western Road,Longnewton,TD6 3RE,070 4654 9702,OliverHutchinson@fleckens.hu
TEC0000119,Mr.,Jonathan,Allen,99 Colorado Way,Rhos-y-brwyner,CH4 2PU,077 1718 9383,JonathanAllen@teleworm.us
TEC0000120,Mr.,Connor,Townsend,36 Rhosddu Rd,Ffair-rhos,SY25 1TP,079 3051 9919,ConnorTownsend@superrito.com
TEC0000121,Mr.,Lewis,Bevan,95 Hendford Hill,Mountain cross,EH46 1AJ,078 5711 1224,LewisBevan@superrito.com
TEC0000122,Ms.,Rosie,Bartlett,43 Main Road,Auchnagatt,AB41 9AA,070 5993 5362,RosieBartlett@dayrep.com
TEC0000123,Mrs.,Charlie,Chamberlain,71 Lammas Street,Great barrington,OX18 6JT,078 5935 4497,CharlieChamberlain@dayrep.com
TEC0000124,Mr.,Spencer,Savage,74 Wade Lane,Salcombe regis,EX10 2DG,070 3447 4653,SpencerSavage@cuvox.de
TEC0000125,Ms.,Katie,Dennis,40 Front St,Heniarth,SY21 2SH,079 7510 0932,KatieDennis@rhyta.com
TEC0000126,Mr.,Leon,Holloway,69 Guildford Rd,East knighton,DT2 9NN,079 3747 7187,LeonHolloway@jourrapide.com
TEC0000127,Mr.,Jordan,Connolly,21 Newmarket Road,Headley,KT18 0BW,070 8392 4624,JordanConnolly@jourrapide.com
TEC0000128,Ms.,Alisha,Stone,30 Spilman Street,Gowthorpe,YO4 3TF,078 3122 3693,AlishaStone@superrito.com
TEC0000129,Mr.,Riley,Wood,35 Iffley Road,Brockenhurst,SO42 6NG,070 3517 2515,RileyWood@fleckens.hu
TEC0000130,Mrs.,Caitlin,Carpenter,40 Circle Way,Caldbeck,CA7 3AL,077 1621 0808,CaitlinCarpenter@superrito.com
TEC0000131,Mr.,Cameron,Briggs,25 Caerfai Bay Road,Tedstone wafre,HR7 7NR,079 2852 1847,CameronBriggs@dayrep.com
TEC0000132,Mr.,Rhys,Mason,43 Guildry Street,Garsington,OX44 0HB,077 4282 8454,RhysMason@jourrapide.com
TEC0000133,Mrs.,Erin,Woodward,22 Bishopgate Street,Seaton,CA14 7ZD,078 3957 8259,ErinWoodward@superrito.com
TEC0000134,Mr.,Patrick,Slater,37 Moulton Road,Guston,CT15 3JE,070 3292 0510,PatrickSlater@jourrapide.com
TEC0000135,Ms.,Niamh,Joyce,21 Berkeley Rd,Stracathro,DD9 1DN,070 4422 6351,NiamhJoyce@einrot.com
TEC0000136,Mr.,Finley,Riley,46 Dunmow Road,Grindleton,BB7 4BU,078 4462 9521,FinleyRiley@rhyta.com
TEC0000137,Ms.,Isabella,Gould,46 Wade Lane,Sale green,WR9 0YU,079 8308 9358,IsabellaGould@jourrapide.com
TEC0000138,Mr.,Tom,Chandler,54 Manor Way,Great green,IP30 5SQ,077 8419 4566,TomChandler@gustr.com
TEC0000139,Mrs.,Zara,Owens,60 George Street,Bryneglwys,LL21 2LP,070 0885 0153,ZaraOwens@cuvox.de
TEC0000140,Mrs.,Amelia,Wells,85 Oxford Rd,Wotherton,SY15 1NX,077 5905 9981,AmeliaWells@dayrep.com
TEC0000141,Ms.,Victoria,Barker,38 Cunnery Rd,Maltman's hill,TN27 5YA,079 8793 1281,VictoriaBarker@armyspy.com
TEC0000142,Mr.,Samuel,Rees,63 Bishopthorpe Road,Pencarreg,SA40 7WH,078 2812 7071,SamuelRees@armyspy.com
TEC0000143,Ms.,Sophie,Ellis,6 Stroude Road,Skares,AB54 5ZZ,079 4938 0370,SophieEllis@einrot.com
TEC0000144,Mrs.,Skye,Kennedy,59 Monks Way,Torbeg,AB35 4BL,077 0386 5157,SkyeKennedy@rhyta.com
TEC0000145,Mrs.,Naomi,Finch,55 Ivy Lane,Waltham,CT4 7UE,079 7095 2444,NaomiFinch@einrot.com
TEC0000146,Mrs.,Erin,Bennett,14 Cunnery Rd,Mamble,DY14 0FE,070 3877 8412,ErinBennett@superrito.com
TEC0000147,Mr.,Owen,Coates,57 Sandyhill Rd,Fulwell,OX7 9QH,079 4636 8398,OwenCoates@einrot.com
TEC0000148,Ms.,Shannon,Thorpe,93 Overton Circle,Little waltham,CM3 9WR,078 5204 4968,ShannonThorpe@gustr.com
TEC0000149,Mrs.,Isobel,Gibson,10 Ivy Lane,Ware,SG12 2PB,070 7051 2029,IsobelGibson@rhyta.com
TEC0000150,Mr.,Leo,Kent,88 Roker Terrace,Lasswade,EH22 5UP,079 0410 8224,LeoKent@armyspy.com
TEC0000151,Mr.,Freddie,Glover,6 Merthyr Road,Burley gate,HR1 0LQ,077 1444 1359,FreddieGlover@superrito.com
TEC0000152,Mr.,Max,Young,81 Sloe Lane,Cruckton,SY5 0SL,078 3234 6257,MaxYoung@fleckens.hu
TEC0000153,Ms.,Zoe,Davidson,42 Emerson Road,Kirk ireton,DE6 4DW,079 1759 8401,ZoeDavidson@armyspy.com
TEC0000154,Mrs.,Maisie,Wells,71 Emerson Road,Kinnelhead,DG10 0FZ,077 4825 6552,MaisieWells@superrito.com
TEC0000155,Mr.,Isaac,Woods,80 St Maurices Road,Preston,SG4 3WU,078 1630 0691,IsaacWoods@cuvox.de
TEC0000156,Mr.,Joe,McLean,33 Witney Way,Knighton,PL9 1AJ,077 6288 5091,JoeMcLean@cuvox.de
TEC0000157,Mrs.,Courtney,McLean,87 Main St,Achnaha,PH36 2LP,079 5135 0424,CourtneyMcLean@teleworm.us
TEC0000158,Mrs.,Amber,Armstrong,36 Northgate Street,Bickleton,EX31 8NG,077 7235 9491,AmberArmstrong@superrito.com
TEC0000159,Mr.,Liam,Shepherd,77 Manor Way,Great parndon,CM19 5HR,077 0739 3369,LiamShepherd@jourrapide.com
TEC0000160,Mr.,Mason,Woods,52 Nenthead Road,Higher blackley,M9 3FA,077 1935 2881,MasonWoods@einrot.com
TEC0000161,Mrs.,Naomi,Nolan,65 Well Lane,Path of condie,PH2 3ZZ,079 7441 4307,NaomiNolan@rhyta.com
TEC0000162,Mr.,Luke,Lord,23 Baldock Street,Ninfield,TN33 2BZ,079 1581 3553,LukeLord@jourrapide.com
TEC0000163,Mr.,Ellis,Connolly,22 Boar Lane,Selling,ME13 6QH,077 1119 0809,EllisConnolly@dayrep.com
TEC0000164,Dr.,David,Allen,61 Great North Road,Ancaster,NG32 8GR,077 4877 3882,DavidAllen@armyspy.com
TEC0000165,Mr.,Hayden,Morton,53 Guildry Street,Ganthorpe,YO60 1ZJ,070 3273 3715,HaydenMorton@einrot.com
TEC0000166,Mr.,Josh,Dodd,35 Abbey Row,Nynehead,TA21 4RZ,077 5847 0345,JoshDodd@cuvox.de
TEC0000167,Ms.,Alexandra,Pearson,8 Baldock Street,Nine ashes,CM4 5QJ,077 1361 9948,AlexandraPearson@cuvox.de
TEC0000168,Mr.,Logan,Kerr,6 Constitution St,Llangranog,SA44 8BY,070 1957 2299,LoganKerr@superrito.com
TEC0000169,Dr.,Harrison,Warren,90 Golf Road,Swillington,LS26 0BA,078 8786 1934,HarrisonWarren@armyspy.com
TEC0000170,Ms.,Georgia,Carter,40 New Dover Rd,Waitby,CA17 4LQ,078 1448 4569,GeorgiaCarter@superrito.com
TEC0000171,Mr.,Finlay,Marshall,69 St Omers Road,Hockley heath,B94 0BL,070 1920 3203,FinlayMarshall@superrito.com
TEC0000172,Mrs.,Morgan,Perkins,41 Kent Street,Cross green,IP30 9EU,077 4832 3053,MorganPerkins@armyspy.com
TEC0000173,Mr.,Max,Payne,73 Canterbury Road,Urafirth,ZE2 7ZW,077 0653 2216,MaxPayne@fleckens.hu
TEC0000174,Mr.,Jake,Hayes,30 Maidstone Road,Werrington,PE4 5JD,070 7802 1516,JakeHayes@einrot.com
TEC0000175,Mr.,Kieran,Clark,14 Witney Way,Kirktown of slains,AB41 8XP,077 0721 5612,KieranClark@armyspy.com
TEC0000176,Ms.,Lydia,Phillips,83 Grey Street,Kew gardens,TW9 9UB,070 5826 0286,LydiaPhillips@superrito.com
TEC0000177,Mr.,Sean,Hayes,52 Abingdon Road,Bramshill,RG27 4RF,079 4609 1971,SeanHayes@rhyta.com
TEC0000178,Ms.,Maya,Gough,71 Copthorne Way,Calverhall,SY13 7JX,079 6562 3385,MayaGough@rhyta.com
TEC0000179,Mrs.,Charlie,Wong,40 Thornton St,Husthwaite,YO61 5RR,079 7397 0542,CharlieWong@jourrapide.com
TEC0000180,Mr.,Gabriel,Conway,6 Emerson Road,Kinneff,DD10 6LB,077 8963 9088,GabrielConway@teleworm.us
TEC0000181,Mr.,Christopher,Akhtar,4 Rhosddu Rd,Finchingfield,CM7 1PT,078 5491 0771,ChristopherAkhtar@armyspy.com
