Artist id,Title,GivenName,FamilyName,Street Address,Town,PostCode,Email
1,Mr,Kian,Abbott,30 Terrick Rd,ELDERNELL,PE7 2TE,kianabbott@dodgit.com
2,Mr,Noah,Adams,52 City Walls Rd,CLOPTON GREEN,CB8 3PL,noahadams@pookmail.com
3,Mr,Dylan,Akhtar,85 Castledore Road,TWYFORD,DE73 0XX,dylanakhtar@dodgit.com
4,Mrs,Caitlin,Akhtar,68 Red Lane,ETON WICK,SL4 4QT,caitlinakhtar@trashymail.com
5,Mr,Kai,Alexander,32 Golden Knowes Road,FRADDAM,TR27 8UY,kaialexander@spambob.com
6,Mrs,Maisie,Alexander,25 Mounthoolie Lane,SUTTERTON,PE20 7FR,maisiealexander@spambob.com
7,Mr,Ewan,Ali,84 Dunmow Road,GREYLAKE,TA7 6JW,ewanali@trashymail.com
8,Mrs,Faith,Allan,32 Leicester Road,AYLESBURY,HP20 3HA,faithallan@mailinator.com
9,Mrs,Georgia,Allan,87 South Street,MONKSEATON,NE25 4GE,georgiaallan@mailinator.com
10,Mr,Harrison,Allan,32 Cheriton Rd,WEST KEAL,PE23 9LJ,harrisonallan@dodgit.com
11,Mrs,Libby,Allan,77 Guild Street,LONDON,SE21 1PG,libbyallan@trashymail.com
12,Mrs,Jessica,Allan,31 Whitchurch Road,ENGLISHCOMBE,BA2 6AS,jessicaallan@mailinator.com
13,Mrs,Grace,Anderson,11 Guildford Rd,EAST ILSLEY,RG20 8EL,graceanderson@pookmail.com
14,Mr,Alexander,Andrews,34 Rhosddu Rd,FILLINGHAM,DN21 3RY,alexanderandrews@mailinator.com
15,Mr,Spencer,Andrews,10 Traill Street,ROTHERBY,LE14 3UG,spencerandrews@mailinator.com
16,Mr,Josh,Andrews,12 Ramsgate Rd,WILLESBOROUGH,TN24 7QD,joshandrews@pookmail.com
17,Mrs,Kiera,Andrews,27 Neville Street,IGHTHAM,TN15 9QL,kieraandrews@pookmail.com
18,Mr,Zachary,Arnold,82 Jubilee Drive,CATTERALL,PR3 1BG,zacharyarnold@spambob.com
19,Mr,Aaron,Arnold,57 Hull Road,PAISLEY,PA1 4SY,aaronarnold@trashymail.com
20,Mrs,Victoria,Arnold,22 Sea Road,LAMANCHA,EH46 6UG,victoriaarnold@spambob.com
21,Mrs,Gracie,Ashton,49 Wrexham Rd,EVESHAM,WR11 2UF,gracieashton@mailinator.com
22,Mrs,Skye,Atkins,83 Hendford Hill,MOWDEN,DL3 8ZD,skyeatkins@spambob.com
23,Mrs,Morgan,Atkins,48 Walden Road,GREENFIELD,MK45 7UW,morganatkins@spambob.com
24,Mrs,Eva,Atkinson,28 Town Lane,SOUTH BREWHAM,BA10 6ZP,evaatkinson@mailinator.com
25,Mrs,Abbie,Baker,59 Iolaire Road,NEW END,B96 7PL,abbiebaker@trashymail.com
26,Mrs,Sienna,Baker,83 Dunmow Road,GRINDLEY,ST14 9TW,siennabaker@dodgit.com
27,Mrs,Jennifer,Baker,22 Tonbridge Rd,COODHAM,KA1 0JZ,jenniferbaker@pookmail.com
28,Mrs,Millie,Baldwin,83 Seaford Road,CUTSDEAN,GL54 7LT,milliebaldwin@mailinator.com
29,Mr,Joshua,Banks,65 Cheriton Rd,WEST MOORS,BH22 0ZX,joshuabanks@pookmail.com
30,Mrs,Evie,Barber,9 Balsham Road,HAROLD WOOD,RM3 2FX,eviebarber@spambob.com
31,Mr,Andrew,Barber,20 Canterbury Road,VERYAN,TR2 5QX,andrewbarber@trashymail.com
32,Mrs,Amelie,Barlow,63 Sea Road,LANE END,DA2 5SX,ameliebarlow@trashymail.com
33,Mrs,Elizabeth,Barlow,4 Bishopgate Street,SEATON BURN,NE13 6TT,elizabethbarlow@trashymail.com
34,Mr,Dominic,Barnett,27 Sutton Wick Lane,BRIDPORT,DT6 2BF,dominicbarnett@spambob.com
35,Mrs,Olivia,Barnett,96 Northgate Street,BEVERCOTES,NG22 4EL,oliviabarnett@mailinator.com
36,Mrs,Charlotte,Barrett,25 Iffley Road,BROCKBRIDGE,SO32 3FF,charlottebarrett@trashymail.com
37,Mrs,Emma,Barrett,30 Scarcroft Road,PORTACHOILLAN,PA29 2LB,emmabarrett@spambob.com
38,Mr,Patrick,Barry,51 Walden Road,GREEN HAMMERTON,YO5 1AQ,patrickbarry@spambob.com
39,Mrs,Lydia,Bartlett,60 Huntly Street,BARNWOOD,GL4 0RQ,lydiabartlett@spambob.com
40,Mrs,Tilly,Barton,43 St Maurices Road,PULLOXHILL,MK45 6BJ,tillybarton@mailinator.com
41,Mrs,Ruby,Barton,97 Newgate Street,JUMP,S74 8XY,rubybarton@trashymail.com
42,Mrs,Sophia,Bates,73 Russell Rd,SHERFORD,TQ7 3TE,sophiabates@spambob.com
43,Mr,Charles,Begum,44 Scotswood Road,HOOKE,DT8 3RG,charlesbegum@dodgit.com
44,Mrs,Abbie,Bennett,77 Caerfai Bay Road,TETTENHALL,WV6 6DL,abbiebennett@trashymail.com
45,Mrs,Natasha,Bennett,16 Malcolm Rd,LLANFARIAN,SY23 7UQ,natashabennett@trashymail.com
46,Mr,Muhammad,Bennett,14 Jedburgh Road,LETHENDY,PH2 4WB,muhammadbennett@dodgit.com
47,Mrs,Eva,Benson,71 St Dunstans Street,WARREN,SA71 5UY,evabenson@spambob.com
48,Mr,Lewis,Bentley,50 Terrick Rd,EGLWYSWRW,SA41 3YU,lewisbentley@spambob.com
49,Mr,Ben,Berry,42 Prince Consort Road,KENSWORTH,LU6 3FW,benberry@trashymail.com
50,Mr,Christopher,Berry,21 Chapel Lane,ARDWELL,AB54 6HL,christopherberry@dodgit.com
51,Mrs,Rachel,Berry,2 Stone St,CRAIGMAUD,AB43 0RH,rachelberry@spambob.com
52,Mrs,Amber,Bevan,16 East Street,MARISTOW,PL6 8DU,amberbevan@mailinator.com
53,Mr,Alfie,Bevan,20 North Road,NETHER WELLWOOD,KA18 9GL,alfiebevan@mailinator.com
54,Mrs,Sienna,Bibi,15 Lincoln Green Lane,CHURCHGATE STREET,CM17 8ZE,siennabibi@trashymail.com
55,Mrs,Kate,Black,78 East Street,MANGURSTADH,HS2 2QD,kateblack@pookmail.com
56,Mrs,Charlotte,Black,81 Monks Way,TORLUNDY,PH33 6ZZ,charlotteblack@mailinator.com
57,Mrs,Emma,Blackburn,74 Witney Way,KLIBRECK,IV27 8NR,emmablackburn@pookmail.com
58,Mrs,Madeleine,Blackburn,94 Old Edinburgh Road,BELLOCHANTUY,PA28 4GN,madeleineblackburn@spambob.com
59,Mrs,Demi,Blake,76 Newport Road,CARGO,CA6 1NW,demiblake@dodgit.com
60,Mr,Mason,Blake,18 High St,THORPE MORIEUX,IP30 6GH,masonblake@mailinator.com
61,Mrs,Abbie,Bolton,56 West Lane,DALTON,NE20 6QZ,abbiebolton@dodgit.com
62,Mrs,Jasmine,Bolton,8 Mill Lane,CORRINGHAM,SS17 5NP,jasminebolton@trashymail.com
63,Mrs,Maisie,Booth,9 Canterbury Road,VEENSGARTH,ZE2 7EP,maisiebooth@trashymail.com
64,Mrs,Georgina,Bradley,54 Merthyr Road,BURLESCOMBE,EX16 5RL,georginabradley@spambob.com
65,Mr,Harry,Bradshaw,85 New Dover Rd,WALMER,CT14 2JA,harrybradshaw@mailinator.com
66,Mrs,Lola,Bradshaw,37 Lammas Street,GREAT COWDEN,HU11 4YS,lolabradshaw@mailinator.com
67,Mrs,Libby,Brady,57 Newgate Street,KABER,CA17 2FU,libbybrady@dodgit.com
68,Mrs,Aimee,Brady,43 Shannon Way,CHIPPING ONGAR,CM5 3FU,aimeebrady@mailinator.com
69,Mrs,Morgan,Brady,51 Prince Consort Road,KEMPTON,SY7 7WG,morganbrady@spambob.com
70,Mr,Aaron,Bray,62 Preston Rd,MOORHAMPTON,HR4 8GZ,aaronbray@dodgit.com
71,Mrs,Emily,Bray,71 Hexham Road,ISFIELD,TN22 3HU,emilybray@spambob.com
72,Mrs,Maisie,Bray,98 Holburn Lane,HELLISTER,ZE2 2SE,maisiebray@mailinator.com
73,Mrs,Morgan,Brennan,19 Cloch Rd,ST PETER PORT,GY1 2YS,morganbrennan@trashymail.com
74,Mr,Morgan,Brennan,13 Rowland Rd,ORCHARD WYNDHAM,TA4 9RH,morganbrennan@mailinator.com
75,Mr,Benjamin,Briggs,78 Cloch Rd,ST HILARY,TR20 1GL,benjaminbriggs@mailinator.com
76,Mrs,Phoebe,Brookes,70 Northgate Street,BICKINGTON,EX31 8WN,phoebebrookes@spambob.com
77,Mrs,Skye,Browne,57 Crown Street,LONDON,W1K 4ZJ,skyebrowne@trashymail.com
78,Mrs,Amber,Browne,3 Asfordby Rd,AISGERNIS,HS8 7BF,amberbrowne@pookmail.com
79,Mrs,Millie,Browne,94 Earls Avenue,WHITEBURN,TD2 2EL,milliebrowne@mailinator.com
80,Mrs,Rebecca,Bruce,61 Front Street,LAGUNA,PH1 6GS,rebeccabruce@pookmail.com
81,Mrs,Molly,Buckley,98 Great Western Road,LONGBRIDGE,B31 4RR,mollybuckley@trashymail.com
82,Mr,Sebastian,Bull,24 Warren St,WEST BRADLEY,BA6 3ZP,sebastianbull@dodgit.com
83,Mrs,Lauren,Burgess,39 Lammas Street,GREAT BRADLEY,CB8 7EA,laurenburgess@mailinator.com
84,Mrs,Louise,Burgess,32 Broad Street,LOWTHORPE,YO25 0XA,louiseburgess@spambob.com
85,Mrs,Chloe,Burns,40 Hart Road,NORTHAM,SO14 7QA,chloeburns@mailinator.com
86,Mrs,Ruby,Burrows,83 Bath Rd,WOODFORD,SK7 7BL,rubyburrows@dodgit.com
87,Mrs,Imogen,Burton,86 Brackley Road,TIDENHAM,NP6 7ZH,imogenburton@mailinator.com
88,Mrs,Skye,Butcher,35 Wartnaby Road,ACKLAM,TS5 0AY,skyebutcher@mailinator.com
89,Mrs,Gracie,Butler,53 Neville Street,IDRIGIL,IV51 1TG,graciebutler@dodgit.com
90,Mrs,Maisie,Byrne,77 Caxton Place,CABRACH,AB54 4TH,maisiebyrne@pookmail.com
91,Mr,Bradley,Cameron,49 Bath Rd,WOLVERCOTE,OX2 9AR,bradleycameron@spambob.com
92,Mr,Joel,Cameron,42 Fordham Rd,HALLOW,WR2 5LH,joelcameron@pookmail.com
93,Mr,Bradley,Cameron,19 Prestwick Road,INKBERROW,WR7 7QB,bradleycameron@spambob.com
94,Mr,Ethan,Campbell,53 Cunnery Rd,MAES-TREYLOW,LD8 6XP,ethancampbell@pookmail.com
95,Mrs,Amy,Carey,12 Jesmond Rd,KILMERSDON,BA3 4SF,amycarey@pookmail.com
96,Mrs,Aaliyah,Carr,12 Ramsgate Rd,WILLINGTON,DE65 7EW,aaliyahcarr@pookmail.com
97,Mrs,Daisy,Carr,11 Maidstone Road,WEST BLATCHINGTON,BN3 0HU,daisycarr@trashymail.com
98,Mrs,Sophia,Carr,11 Whitby Road,DESBOROUGH,NN14 1XL,sophiacarr@trashymail.com
99,Mrs,Daisy,Carr,5 Golden Knowes Road,FRAMPTON,PE20 5UW,daisycarr@trashymail.com
100,Mrs,Alpha,Sample,68 Shannon Way,CHIPSTEAD,CR5 5JJ,alphasamplel@spambob.com
101,Mrs,Alexandra,Carter,18 Church Way,BRADFIELD,CO11 8SG,alexandracarter@dodgit.com
102,Mrs,Emma,Chadwick,57 Whitchurch Road,ELWORTH,CW11 8TE,emmachadwick@mailinator.com
103,Mrs,Tegan,Chadwick,85 Vicar Lane,SARACEN'S HEAD,PE12 7ER,teganchadwick@trashymail.com
104,Mr,Noah,Chambers,33 Overton Circle,LITTLEOVER,DE23 0SN,noahchambers@pookmail.com
105,Mrs,Jodie,Chambers,82 Bishopthorpe Road,PENNAN,AB43 0EU,jodiechambers@mailinator.com
106,Mrs,Naomi,Chambers,47 Seaford Road,CULMINGTON,SY8 0XW,naomichambers@trashymail.com
107,Mr,Toby,Chambers,58 Canterbury Road,VILLAVIN,EX19 6UD,tobychambers@dodgit.com
108,Mr,Christopher,Chan,30 Northgate Street,BETSHAM,DA13 8BQ,christopherchan@spambob.com
109,Mr,Alexander,Chan,51 Walwyn Rd,CHARLTON MACKRELL,TA11 7UA,alexanderchan@spambob.com
110,Mrs,Sophia,Chandler,19 Redcliffe Way,WOOLLAGE GREEN,CT4 1XS,sophiachandler@dodgit.com
111,Mrs,Samantha,Chapman,45 Manor Close,DITTON PRIORS,WV16 3YH,samanthachapman@mailinator.com
112,Mrs,Jennifer,Chapman,5 Stamford Road,ANTROBUS,CW9 0UE,jenniferchapman@pookmail.com
113,Mr,Finley,Chapman,70 Trinity Crescent,WHARNCLIFFE SIDE,S30 5RX,finleychapman@mailinator.com
114,Mr,Ellis,Charlton,97 Front Street,KNOTTING,MK44 9FU,ellischarlton@trashymail.com
115,Mrs,Abby,Clark,41 Manor Way,GREAT FRANSHAM,NR19 4EF,abbyclark@spambob.com
116,Mrs,Emily,Clarke,8 Harehills Lane,RUAIG,PA77 7EG,emilyclarke@trashymail.com
117,Mrs,Francesca,Clayton,19 Moulton Road,GUILDEN MORDEN,SG8 9UF,francescaclayton@mailinator.com
118,Mr,Benjamin,Clayton,82 Vicar Lane,SANDHILLS,GU8 3GG,benjaminclayton@trashymail.com
119,Mrs,Ruby,Clayton,39 Redcliffe Way,WOOLSTON,SY6 2PD,rubyclayton@pookmail.com
120,Mr,Callum,Clements,50 London Road,CONCHRA,IV40 5JD,callumclements@pookmail.com
121,Mrs,Emma,Coates,52 Thames Street,BOOR,IV22 0AY,emmacoates@spambob.com
122,Mrs,Faith,Cole,83 Long Street,MILLTOWN OF CAMPFIELD,AB31 7TS,faithcole@mailinator.com
123,Mrs,Rosie,Cole,12 Moulton Road,GUNTHORPE,NG14 3SW,rosiecole@dodgit.com
124,Mrs,Olivia,Coleman,91 Lincoln Green Lane,CHURCH END,AL3 7TY,oliviacoleman@mailinator.com
125,Mr,Jonathan,Coleman,18 Scrimshire Lane,ASTON CROSS,GL20 9LA,jonathancoleman@mailinator.com
126,Mrs,Abigail,Coles,36 West Lane,DALTON-ON-TEES,DL2 5YY,abigailcoles@spambob.com
127,Mr,Jack,Collier,44 Kingsway North,HOLMESFIELD,S18 0UX,jackcollier@pookmail.com
128,Mrs,Skye,Collier,47 Guild Street,LONDON,N3 4LN,skyecollier@trashymail.com
129,Mrs,Sienna,Collins,42 Bouverie Road,WESTON-SUPER-MARE,BS23 1EP,siennacollins@trashymail.com
130,Mr,Kai,Connolly,56 Chapel Lane,ARSCAIG,IV27 9TZ,kaiconnolly@dodgit.com
131,Mrs,Scarlett,Connolly,90 Quay Street,NEEN SOLLARS,DY14 2LF,scarlettconnolly@mailinator.com
132,Mrs,Hollie,Connor,37 Shore Street,STOCKTON,TF11 8WR,hollieconnor@spambob.com
133,Mrs,Louise,Conway,63 Ramsgate Rd,WILLINGTON,MK44 4DD,louiseconway@pookmail.com
134,Mr,John,Conway,45 Eastbourne Rd,COLEBY,LN5 5QT,johnconway@pookmail.com
135,Mrs,Ella,Cook,76 Main Road,AUCHINTOUL,AB33 3BA,ellacook@dodgit.com
136,Mrs,Tia,Cook,24 Tadcaster Rd,PILLETH,LD7 1HL,tiacook@trashymail.com
137,Mrs,Mollie,Cooke,55 Victoria Road,LITTLE CASTERTON,PE9 7LU,molliecooke@mailinator.com
138,Mr,Liam,Cooke,88 Bouverie Road,WESTMESTON,BN6 6DS,liamcooke@dodgit.com
139,Mr,Zachary,Cooke,11 St Denys Road,PORTSMOUTH,PO5 5WN,zacharycooke@spambob.com
140,Mr,Harry,Cooke,96 Horsefair Green,OLD WESTON,PE17 9JJ,harrycooke@dodgit.com
141,Mr,Tom,Cooper,46 Boar Lane,SELSDON,CR2 4TD,tomcooper@trashymail.com
142,Mr,Spencer,Cooper,28 Guildry Street,GARMONY,PA65 3QB,spencercooper@trashymail.com
143,Mr,Finlay,Craig,74 Northgate Street,BEWERLEY,HG3 6UP,finlaycraig@dodgit.com
144,Mrs,Brooke,Crawford,64 Buckingham Rd,THORNEY HILL,BH23 5NA,brookecrawford@dodgit.com
145,Mrs,Maddison,Crawford,48 Station Rd,PYRTON,OX9 3EJ,maddisoncrawford@pookmail.com
146,Mrs,Amber,Cunningham,22 Wrexham Road,FELBRIDGE,RH19 8TP,ambercunningham@mailinator.com
147,Mr,Nathan,Cunningham,20 Bootham Terrace,READING,RG1 4NB,nathancunningham@mailinator.com
148,Mrs,Aaliyah,Cunningham,11 Balsham Road,HARTLEPOOL,TS24 0LE,aaliyahcunningham@dodgit.com
149,Mrs,Niamh,Cunningham,62 Scrimshire Lane,ASTON,RG9 3JW,niamhcunningham@pookmail.com
150,Mr,Leon,Curtis,10 Foregate Street,COED MORGAN,NP7 4TD,leoncurtis@spambob.com
151,Mrs,Aimee,Daly,49 Newport Road,CARLETON FOREHOE,NR9 0BN,aimeedaly@trashymail.com
152,Mrs,Chelsea,Daniels,55 Marlborough Crescent,SOUTH STREET,DA13 5NY,chelseadaniels@pookmail.com
153,Mrs,Aaliyah,Daniels,81 Hindhead Road,EAST ARDSLEY,WF3 3QY,aaliyahdaniels@spambob.com
154,Mrs,Ellie,Davey,56 Coast Rd,KIRKTON OF LETHENDY,PH1 6DX,elliedavey@mailinator.com
155,Mrs,Melissa,Davidson,93 Iffley Road,BROAD BLUNSDON,SN2 4QW,melissadavidson@mailinator.com
156,Mr,Joe,Davis,10 Bishopgate Street,SEACROFT,LS14 5QR,joedavis@mailinator.com
157,Mr,Jake,Davis,19 Newgate Street,KALNAKILL,IV54 6WY,jakedavis@mailinator.com
158,Mrs,Rebecca,Davis,10 Bridge Street,GOOSEWELL,PL9 9DX,rebeccadavis@dodgit.com
159,Mr,Zachary,Davison,71 South Crescent,LYTH,KW1 9WD,zacharydavison@pookmail.com
160,Mr,Archie,Davison,19 Glenurquhart Road,BALINDORE,PA35 1YE,archiedavison@dodgit.com
161,Mr,Lucas,Dawson,96 Haslemere Road,EASTON-IN-GORDANO,BS20 8UD,lucasdawson@trashymail.com
162,Mr,Ben,Dean,93 Peachfield Road,CHACELEY,GL19 1AZ,bendean@pookmail.com
163,Mr,Joseph,Dean,50 Guildry Street,GALLOWSTREE ELM,DY7 0AW,josephdean@trashymail.com
164,Mrs,Elise,Dean,92 Coast Rd,KIRKLINGTON,NG22 5PL,elisedean@mailinator.com
165,Mrs,Madison,Dobson,16 West Lane,DARBY GREEN,GU46 9TF,madisondobson@spambob.com
166,Mr,Zak,Dobson,49 Sandyhill Rd,FURZE PLATT,SL6 3AS,zakdobson@trashymail.com
167,Mrs,Jade,Dodd,18 Trinity Crescent,WHALLEY,BB7 4RR,jadedodd@trashymail.com
168,Mrs,Samantha,Dodd,21 Quay Street,NAWTON,YO6 2EN,samanthadodd@pookmail.com
169,Mrs,Tia,Doherty,53 Peachfield Road,CHADDERTON,OL9 5SH,tiadoherty@mailinator.com
170,Mrs,Grace,Douglas,62 Winchester Rd,MID CALDER,EH53 6JF,gracedouglas@trashymail.com
171,Mrs,Lauren,Douglas,36 Northgate Street,BETTON,TF9 2AL,laurendouglas@dodgit.com
172,Mr,Freddie,Doyle,76 Dover Road,WESTER QUARFF,ZE2 3RD,freddiedoyle@dodgit.com
173,Mr,Matthew,Duffy,38 Consett Rd,HILL HEAD,PO14 5RF,matthewduffy@trashymail.com
174,Mrs,Isobel,Duncan,14 Shore Street,STOKE BARDOLPH,NG14 3DD,isobelduncan@dodgit.com
175,Mrs,Maddison,Duncan,35 Cloch Rd,ST MARGARETS,HR2 0LN,maddisonduncan@dodgit.com
176,Mrs,Erin,Dunn,67 New Dover Rd,WALLS,ZE2 3DN,erindunn@dodgit.com
177,Mr,Muhammad,Edwards,52 Broomfield Place,STOUR PROVOST,SP8 3BY,muhammadedwards@trashymail.com
178,Mrs,Georgina,Elliott,84 Grenoble Road,BRIDGE,CT4 0TH,georginaelliott@dodgit.com
179,Mr,Harry,Elliott,67 Park End St,BROOKS GREEN,RH13 8RG,harryelliott@spambob.com
180,Mrs,Laura,Ellis,52 Tadcaster Rd,PINCHBECK WEST,PE11 5SA,lauraellis@trashymail.com
181,Mr,Freddie,Evans,23 Whatlington Road,COTTARTOWN,PH26 5HX,freddieevans@trashymail.com
182,Mrs,Tegan,Evans,60 Harrogate Road,RYTON,NE40 7RQ,teganevans@trashymail.com
183,Mrs,Shannon,Farmer,16 Whatlington Road,COUSLEY WOOD,TN5 6FP,shannonfarmer@spambob.com
184,Mrs,Jennifer,Farrell,41 Nith Street,GLASCWM,LD1 5DZ,jenniferfarrell@pookmail.com
185,Mr,Billy,Farrell,25 Uxbridge Road,SLAIDBURN,BB7 5JD,billyfarrell@mailinator.com
186,Mr,George,Faulkner,87 Hampton Court Rd,SPAXTON,TA5 4DN,georgefaulkner@trashymail.com
187,Mr,Kieran,Faulkner,47 Brynglas Road,GLYN,LL24 4FB,kieranfaulkner@dodgit.com
188,Mr,Charles,Ferguson,9 Nith Street,GLANTWYMYN,SY20 3BG,charlesferguson@mailinator.com
189,Mr,Ryan,Field,19 Ramsgate Rd,WILLEY,CV23 2GF,ryanfield@spambob.com
190,Mr,Finley,Finch,86 Spilman Street,GRANTOWN-ON-SPEY,PH26 0GU,finleyfinch@spambob.com
191,Mrs,Ellie,Finch,1 Argyll Street,STALBRIDGE,DT10 0TW,elliefinch@mailinator.com
192,Mr,Sebastian,Finch,39 Netherpark Crescent,STEEPLE ASTON,OX6 1UB,sebastianfinch@spambob.com
193,Mrs,Naomi,Fitzgerald,31 Princes Street,RODBRIDGE CORNER,CO10 5WD,naomifitzgerald@mailinator.com
194,Mr,Harrison,Fitzgerald,72 Cambridge Road,NORTH COVE,NR34 0LG,harrisonfitzgerald@mailinator.com
195,Mrs,Sophia,Fleming,23 Stroude Road,SINGLETON,PO18 8EN,sophiafleming@mailinator.com
196,Mr,Mohammad,Fleming,69 Scotsburn Rd,TAL-Y-BONT,LL43 9TG,mohammadfleming@spambob.com
197,Mr,Spencer,Fleming,37 Mill Lane,CORPACH,PH33 4PS,spencerfleming@pookmail.com
198,Mr,Morgan,Fleming,57 Red Lane,ERLESTOKE,SN10 4WL,morganfleming@dodgit.com
199,Mrs,Nicole,Fletcher,64 Crescent Avenue,DUCHALLY,IV27 7LH,nicolefletcher@pookmail.com
200,Mrs,Beta,Sample,42 Princes Street,ROCKHEAD,PL33 0ET,betasample@trashymail.com
201,Mrs,Isabelle,Fletcher,97 Academy Street,BERRYNARBOR,EX34 6XX,isabellefletcher@pookmail.com
202,Mrs,Aaliyah,Flynn,88 Trinity Crescent,WHALTON,NE61 2JY,aaliyahflynn@trashymail.com
203,Mr,Anthony,Flynn,35 Folkestone Road,WILSTHORPE,PE9 8NE,anthonyflynn@spambob.com
204,Mrs,Amelie,Flynn,39 Berkeley Rd,STRETTINGTON,PO18 8GQ,amelieflynn@mailinator.com
205,Mr,Taylor,Forster,90 Freezeland Lane,CRACKAIG,PA60 2WG,taylorforster@spambob.com
206,Mrs,Daisy,Forster,65 Bootham Crescent,RIECHIP,PH8 5XD,daisyforster@pookmail.com
207,Mr,Jake,Fowler,80 Southlands Road,PONTNEWYDD,NP44 5LH,jakefowler@mailinator.com
208,Mr,Robert,Fowler,16 Boughton Rd,WHITTLE-LE-WOODS,PR6 5BR,robertfowler@mailinator.com
209,Mr,Louis,Fowler,59 South Crescent,LYNDHURST,SO43 9YA,louisfowler@pookmail.com
210,Mrs,Matilda,Fox,56 Balsham Road,HARTBURN,NE61 2AT,matildafox@spambob.com
211,Mrs,Matilda,Franklin,32 Cheriton Rd,WEST LOOE,PL13 7US,matildafranklin@dodgit.com
212,Mrs,Katie,Franklin,95 Holburn Lane,HEANTON SATCHVILLE,EX20 3JU,katiefranklin@dodgit.com
213,Mrs,Eloise,Fraser,89 Broad Street,LOWER GREEN BANK,LA2 2DE,eloisefraser@trashymail.com
214,Mrs,Kate,Freeman,47 Broomfield Place,STONEYGATE,LE5 4YB,katefreeman@spambob.com
215,Mr,Joel,French,10 Peachfield Road,CHALLOCH,DG8 1BW,joelfrench@trashymail.com
216,Mrs,Danielle,French,36 Winchester Rd,MID CLYTH,KW3 2FA,daniellefrench@dodgit.com
217,Mrs,Amelia,Fry,78 Harrogate Road,RUSHTON,NN14 5NS,ameliafry@mailinator.com
218,Mrs,Katie,Fry,86 Traill Street,ROSEWARNE,TR27 5HQ,katiefry@trashymail.com
219,Mr,Finlay,Fuller,65 North Road,NETHERHAMPTON,SP2 9FT,finlayfuller@trashymail.com
220,Mr,Joe,Fuller,89 Whitchurch Road,ENGLEFIELD GREEN,TW20 2HE,joefuller@pookmail.com
221,Mr,Josh,Gallagher,6 Middlewich Road,FLECKNEY,LE8 8PE,joshgallagher@mailinator.com
222,Mrs,Olivia,Gallagher,18 Scarcroft Road,PORT NA CRAIG,PH16 7AL,oliviagallagher@mailinator.com
223,Mr,Harrison,Gallagher,85 Crescent Avenue,DRUMELDRIE,KY8 7NF,harrisongallagher@dodgit.com
224,Mrs,Laura,Gallagher,57 Seafield Place,FOUR CROSSES,WS11 9WL,lauragallagher@pookmail.com
225,Mrs,Georgina,Gallagher,3 Great Western Road,LONGLANE,RG18 3AS,georginagallagher@pookmail.com
226,Mrs,Eloise,Gardiner,18 Canterbury Road,UPTON,WF9 9PS,eloisegardiner@dodgit.com
227,Mrs,Megan,Garner,70 Gloucester Road,CLAONEL,IV27 9LQ,megangarner@mailinator.com
228,Mr,Jay,Garner,2 Wrexham Rd,FAIRLOP WATERS,IG2 1SG,jaygarner@trashymail.com
229,Mrs,Matilda,Garner,63 Argyll Road,LLANBEDRGOCH,LL76 3FY,matildagarner@mailinator.com
230,Mr,Declan,Garner,78 Ilchester Road,MULLION,TR12 5FZ,declangarner@trashymail.com
231,Mr,Harley,George,83 Ponteland Rd,HUMEHALL,TD5 1PU,harleygeorge@trashymail.com
232,Mr,Reece,Gibbs,12 Greyfriars Road,CARCARY,DD9 2JJ,reecegibbs@mailinator.com
233,Mr,Corey,Gibson,61 Golden Knowes Road,FRISBY ON THE WREAKE,LE14 7LR,coreygibson@pookmail.com
234,Mr,Peter,Gibson,31 Stone Cellar Road,KINLOCHLAICH,PA38 7HX,petergibson@pookmail.com
235,Mrs,Emily,Gibson,38 Thirsk Road,BLAIRANNAICH,G83 1TA,emilygibson@pookmail.com
236,Mrs,Tia,Gilbert,21 Guildford Rd,EAST MARTON,BD23 6XS,tiagilbert@mailinator.com
237,Mr,Henry,Gilbert,62 Walden Road,GREENHEADS,AB42 8TJ,henrygilbert@mailinator.com
238,Mr,Kyle,Giles,16 Rhosddu Rd,FFARMERS,SA19 4HJ,kylegiles@dodgit.com
239,Mr,Hayden,Gill,10 Manor Close,DIPPLE,IV32 2FH,haydengill@pookmail.com
240,Mr,Joe,Gill,7 Park Row,EGERTON,TN27 4WN,joegill@mailinator.com
241,Mr,Spencer,Gill,45 Nith Street,GLENAMACHRIE,PA34 6BJ,spencergill@mailinator.com
242,Mrs,Millie,Glover,66 Foregate Street,CODDENHAM,IP6 3UU,millieglover@spambob.com
243,Mrs,Alicia,Glover,88 Davids Lane,STYAL,SK9 2SD,aliciaglover@spambob.com
244,Mr,Declan,Goddard,23 Rhosddu Rd,FIFE KEITH,AB55 4FR,declangoddard@pookmail.com
245,Mr,Max,Godfrey,33 Newmarket Road,HAY MILLS,B25 7HN,maxgodfrey@pookmail.com
246,Mr,Benjamin,Godfrey,42 Constitution St,LLANISHEN,NP6 4FR,benjamingodfrey@trashymail.com
247,Mrs,Ellie,Gordon,6 Caradon Hill,TYLORSTOWN,CF43 3WG,elliegordon@dodgit.com
248,Mrs,Isabel,Gough,30 Wenlock Terrace,PETHAM,CT4 3UR,isabelgough@spambob.com
249,Mr,Joel,Gould,79 Quay Street,NEATHAM,GU34 3EY,joelgould@mailinator.com
250,Mr,Bailey,Graham,28 Wartnaby Road,ACHRIABHACH,PH33 2RH,baileygraham@spambob.com
251,Mrs,Ella,Gray,10 Prince Consort Road,KEITHMORE,AB55 1JH,ellagray@pookmail.com
252,Mr,Leo,Gray,85 Hampton Court Rd,SPRINGBURN,G21 1HE,leogray@mailinator.com
253,Mrs,Mia,Gray,49 Great North Road,AMLWCH PORT,LL68 7RW,miagray@spambob.com
254,Mr,Lucas,Green,41 Leicester Road,AUNDORACH,PH25 7EJ,lucasgreen@pookmail.com
255,Mrs,Isabel,Green,11 Roman Rd,LEDMORE,PA72 8TE,isabelgreen@spambob.com
256,Mr,Mohammed,Green,40 Hendford Hill,MOSSTODLOCH,IV32 7FX,mohammedgreen@pookmail.com
257,Mr,Alexander,Green,21 Monks Way,TORE,IV6 7LL,alexandergreen@trashymail.com
258,Mrs,Katie,Greenwood,64 Trehafod Road,BUCKS HORN OAK,GU10 9XG,katiegreenwood@dodgit.com
259,Mr,Harrison,Greenwood,69 Seafield Street,LLOYNEY,LD7 2PB,harrisongreenwood@dodgit.com
260,Mr,Jordan,Greenwood,97 Lairg Road,NEWBIGGING,AB3 7DY,jordangreenwood@mailinator.com
261,Mr,Gabriel,Greenwood,31 Colorado Way,RIBIGILL,IV27 7LB,gabrielgreenwood@trashymail.com
262,Mr,Sean,Gregory,88 Iffley Road,BROADGROVES,CM6 0BE,seangregory@dodgit.com
263,Mrs,Gracie,Gregory,39 Russell Rd,SHILBOTTLE,NE66 9UW,graciegregory@mailinator.com
264,Mr,Billy,Gregory,42 St Maurices Road,PRESTON,SN15 4ZG,billygregory@dodgit.com
265,Mrs,Amelie,Griffin,22 Shore Street,STOKEFORD,BH20 6BD,ameliegriffin@mailinator.com
266,Mrs,Amelia,Griffin,3 Park Place,CARRVILLE,DH1 4ZW,ameliagriffin@trashymail.com
267,Mrs,Maisie,Griffin,5 Boar Lane,SEVERN STOKE,WR8 8DS,maisiegriffin@spambob.com
268,Mr,Oscar,Hale,4 High St,THORPE ON THE HILL,LN6 8WL,oscarhale@pookmail.com
269,Mrs,Natasha,Hale,90 Glenurquhart Road,BALENDOCH,PH12 6SQ,natashahale@spambob.com
270,Mrs,Jennifer,Hall,34 Annfield Rd,BEAMHURST,ST14 3WL,jenniferhall@pookmail.com
271,Mrs,Lydia,Hamilton,38 Roman Rd,LEDMORE,IV27 7YD,lydiahamilton@pookmail.com
272,Mr,George,Hammond,69 Buckingham Rd,THORNDON,IP23 3AJ,georgehammond@trashymail.com
273,Mrs,Alexandra,Hancock,76 Bouverie Road,WESTWOOD HEATH,CV4 9TQ,alexandrahancock@mailinator.com
274,Mr,Mason,Hanson,29 Baldock Street,NEWTON OF ARDTOE,PH36 3DG,masonhanson@mailinator.com
275,Mrs,Ava,Hanson,65 Cefn Road,FARNHAM ROYAL,SL2 1UT,avahanson@dodgit.com
276,Mrs,Abigail,Hardy,60 Russell Rd,SHIPTON GORGE,DT6 3YL,abigailhardy@spambob.com
277,Mr,Noah,Hardy,96 Duckpit Lane,UPPER RIDINGHILL,AB43 3EF,noahhardy@pookmail.com
278,Mr,Charlie,Hargreaves,93 Lammas Street,GREAT BRADLEY,CB8 7WR,charliehargreaves@mailinator.com
279,Mr,Leo,Harris,2 Farburn Terrace,LITTLE DRIFFIELD,YO25 7UT,leoharris@spambob.com
280,Mrs,Georgina,Harris,95 Seaford Road,CULLIPOOL,PA34 3DS,georginaharris@trashymail.com
281,Mrs,Hollie,Harrison,54 Kent Street,CROOK OF DEVON,KY13 7TB,hollieharrison@mailinator.com
282,Mrs,Lara,Harrison,44 Roman Rd,LEIGH,WR6 8XT,laraharrison@dodgit.com
283,Mr,Alex,Harrison,95 Boat Lane,RHAOINE,IV28 6AG,alexharrison@pookmail.com
284,Mr,Mohammad,Hart,30 Ash Lane,YEOVIL,BA20 7LL,mohammadhart@dodgit.com
285,Mrs,Isabel,Hart,12 Buckingham Rd,THORNTON,LN9 2BD,isabelhart@pookmail.com
286,Mrs,Olivia,Hart,54 Freezeland Lane,CRAGGAN,AB37 2SB,oliviahart@spambob.com
287,Mrs,Olivia,Harvey,65 Ilchester Road,MURKLE,KW14 2NP,oliviaharvey@mailinator.com
288,Mrs,Melissa,Harvey,8 Argyll Street,ST SAMPSONS,GY2 6TS,melissaharvey@trashymail.com
289,Mr,Ben,Hawkins,80 Leicester Road,AVELEY,RM15 3BP,benhawkins@trashymail.com
290,Mr,Tom,Haynes,24 Cloch Rd,ST JOHN'S TOWN OF DALRY,DG7 1ZR,tomhaynes@trashymail.com
291,Mrs,Harriet,Hayward,3 Cunnery Rd,MALDEN RUSHETT,KT9 3FP,harriethayward@dodgit.com
292,Mr,Connor,Hayward,92 Golf Road,SUTTON-ON-THE-FOREST,YO61 6XN,connorhayward@trashymail.com
293,Mr,Christopher,Henderson,9 Pier Road,STANWELL MOOR,TW19 1PT,christopherhenderson@trashymail.com
294,Mrs,Georgia,Henry,29 Farburn Terrace,LITTLE RYBURGH,NR21 4DY,georgiahenry@pookmail.com
295,Mr,Reece,Herbert,69 Stroude Road,SIXHILLS,LN8 7ZS,reeceherbert@mailinator.com
296,Mrs,Harriet,Hewitt,51 Newmarket Road,HAZELHEAD,AB1 0NH,harriethewitt@dodgit.com
297,Mr,Lucas,Hicks,46 Guildford Rd,EAST LAYTON,DL11 6WU,lucashicks@pookmail.com
298,Mrs,Caitlin,Hicks,25 Earls Avenue,WHITLOCK'S END,B90 6FL,caitlinhicks@pookmail.com
299,Mr,Ellis,Hicks,40 Town Lane,SOUTH BEDDINGTON,SM6 0RJ,ellishicks@mailinator.com
300,Mr,Henry,Hill,72 Roker Terrace,LANLIVERY,PL22 5LR,henryhill@trashymail.com
301,Mrs,Jasmine,Hilton,84 Roman Rd,LEIGH,SN6 8QW,jasminehilton@pookmail.com
302,Mr,Spencer,Hilton,41 Golden Knowes Road,FRENCHBEER,TQ13 6GW,spencerhilton@dodgit.com
303,Mrs,Kiera,Hilton,89 York Road,OVERY STAITHE,PE31 6BU,kierahilton@trashymail.com
304,Mrs,Jade,Hobbs,29 Golden Knowes Road,FREETHORPE COMMON,NR13 9DP,jadehobbs@trashymail.com
305,Mrs,Alisha,Hodgson,16 Circle Way,CALDERBANK,ML6 9UT,alishahodgson@pookmail.com
306,Mrs,Sofia,Holden,14 Folkestone Road,WIMPSTONE,CV37 5GY,sofiaholden@mailinator.com
307,Mrs,Sienna,Holland,26 Bootham Crescent,RIGG,DG16 5UE,siennaholland@dodgit.com
308,Mr,Christopher,Holland,19 Davids Lane,SUCKLEY,WR6 2AB,christopherholland@dodgit.com
309,Mrs,Katie,Holloway,66 Bouverie Road,WESTLEY WATERLESS,CB8 9XH,katieholloway@mailinator.com
310,Mr,Daniel,Holt,82 Cefn Road,FALLIN,FK7 2AR,danielholt@mailinator.com
311,Mr,Edward,Hooper,10 Terrick Rd,ELLINGTON,PE18 5AW,edwardhooper@spambob.com
312,Mr,Kyle,Hooper,77 Asfordby Rd,ALDERFORD,NR9 8PR,kylehooper@dodgit.com
313,Mrs,Cerys,Horton,94 Lairg Road,NEWBIGGIN-BY-THE-SEA,NE64 1HX,ceryshorton@trashymail.com
314,Mrs,Kate,Houghton,88 South Street,MONTFORD,SY4 1HN,katehoughton@pookmail.com
315,Mr,Anthony,Houghton,33 St Denys Road,POYS STREET,IP17 1NE,anthonyhoughton@trashymail.com
316,Mr,Sam,Houghton,75 High St,THROWLEIGH,EX20 5ST,samhoughton@pookmail.com
317,Mrs,Jade,Howard,3 Harehills Lane,ROYAL LEAMINGTON SPA,CV32 1LY,jadehoward@spambob.com
318,Mrs,Cerys,Howard,30 Rhosddu Rd,FIELD HEAD,LE67 9FJ,ceryshoward@spambob.com
319,Mrs,Jasmine,Howell,80 Tadcaster Rd,PICKSTON,PH1 0QE,jasminehowell@dodgit.com
320,Mr,Jack,Howells,66 Great Western Road,LONGWOOD,SY5 4DS,jackhowells@trashymail.com
321,Mrs,Morgan,Hudson,1 West Lane,DALSHANGAN,DG7 2ZH,morganhudson@trashymail.com
322,Mrs,Jessica,Hughes,49 Cambridge Road,NOKE,OX3 6LF,jessicahughes@trashymail.com
323,Mrs,Skye,Hughes,66 Walden Road,GREAT WAKERING,SS3 8PE,skyehughes@spambob.com
324,Mrs,Victoria,Hughes,15 Ponteland Rd,HUDDINGTON,WR9 4BY,victoriahughes@spambob.com
325,Mrs,Lara,Hughes,66 Iolaire Road,NEW HUTTON,LA8 1GE,larahughes@mailinator.com
326,Mrs,Lydia,Humphreys,77 Church Way,BRACKLEY,NN13 4SB,lydiahumphreys@pookmail.com
327,Mrs,Jade,Humphries,20 Netherpark Crescent,STISTED,CM7 6QW,jadehumphries@trashymail.com
328,Mrs,Skye,Hunt,95 Cambridge Road,NORHAM,TD15 8BH,skyehunt@pookmail.com
329,Mrs,Scarlett,Hunt,69 Foregate Street,COCKWOOD,EX6 3QA,scarletthunt@mailinator.com
330,Mr,Spencer,Hunt,11 Gloucester Road,CLAINES,WR3 4NF,spencerhunt@mailinator.com
331,Mrs,Bethany,Hutchinson,20 Maidstone Road,WELLOW,BA2 1GY,bethanyhutchinson@spambob.com
332,Mrs,Charlotte,Hyde,71 Iolaire Road,NEW INN,SA39 8LD,charlottehyde@trashymail.com
333,Mrs,Samantha,Ingram,68 St Maurices Road,PRESTON,TD11 8NJ,samanthaingram@mailinator.com
334,Mr,Alex,Ingram,64 Mounthoolie Lane,SUMMER-HOUSE,DL2 6RX,alexingram@mailinator.com
335,Mr,Declan,Ingram,59 Holburn Lane,HELMSHORE,BB4 1JH,declaningram@mailinator.com
336,Mrs,Ava,Ingram,34 High Street,ASH,CANTERBURY,ct3 5rd
337,Mrs,Melissa,Ingram,46 Prince Consort Road,KENMORE,HS2 3ZD,melissaingram@pookmail.com
338,Mrs,Matilda,Iqbal,54 Lamphey Road,THE LAURELS,NR14 3US,matildaiqbal@spambob.com
339,Mrs,Sophie,Jackson,26 Eastbourne Rd,COLE,BA10 4SY,sophiejackson@dodgit.com
340,Mr,Kian,Jackson,5 Whitby Road,DENTON,IP20 3FB,kianjackson@pookmail.com
341,Mrs,Abbie,Jackson,22 Broad Street,LOWESTOFT,NR32 4UQ,abbiejackson@spambob.com
342,Mr,Kai,James,94 Malcolm Rd,LLANFIHANGEL UWCH-GWILI,SA32 1DD,kaijames@mailinator.com
343,Mr,Ewan,James,93 New Dover Rd,WALLINGTON,SM6 8AS,ewanjames@spambob.com
344,Mrs,Lucy,James,63 Ings Lane,DAVINGTON,DG13 2SG,lucyjames@spambob.com
345,Mrs,Abigail,Jarvis,62 Malcolm Rd,LLANELIEU,LD3 0YN,abigailjarvis@mailinator.com
346,Mrs,Ella,Jarvis,64 Marlborough Crescent,SOUTH THORESBY,LN13 3NE,ellajarvis@pookmail.com
347,Mr,Kian,Jenkins,87 Farburn Terrace,LITTLE KINETON,CV35 6HL,kianjenkins@mailinator.com
348,Mr,Kieran,Jennings,61 South Street,MOLLAND,EX36 5XN,kieranjennings@trashymail.com
349,Mr,Mohammed,John,53 Dover Road,WEST WILLIAMSTON,SA68 7QY,mohammedjohn@pookmail.com
350,Mr,Luke,John,38 Ermin Street,WYCOMBE MARSH,HP11 1EH,lukejohn@mailinator.com
351,Mr,Aaron,Johnson,13 Guildford Rd,EAST HECKINGTON,PE20 1HQ,aaronjohnson@mailinator.com
352,Mrs,Harriet,Johnston,96 Farburn Terrace,LITTLE HAUTBOIS,NR12 6PL,harrietjohnston@mailinator.com
353,Mr,Kyle,Jones,56 Scrimshire Lane,ASWARDBY,PE23 4EN,kylejones@trashymail.com
354,Mr,Daniel,Kaur,4 Guildford Rd,EAST GRINSTEAD,RH19 4PP,danielkaur@pookmail.com
355,Mr,Dylan,Kaur,56 Walwyn Rd,CHATTO,TD5 2BE,dylankaur@pookmail.com
356,Mrs,Madeleine,Kay,35 Thompsons Lane,MEAVY,PL20 4HF,madeleinekay@trashymail.com
357,Mrs,Jessica,Kay,85 Leicester Road,AULTIPHURST,KW14 0ZU,jessicakay@spambob.com
358,Mrs,Eve,Kelly,96 Consett Rd,HILLOCKHEAD,AB36 5UN,evekelly@dodgit.com
359,Mrs,Poppy,Kelly,99 Netherpark Crescent,STEINMANHILL,AB53 4QU,poppykelly@dodgit.com
360,Mrs,Bethany,Kemp,77 Caxton Place,BURY,RH20 6TY,bethanykemp@trashymail.com
361,Mr,Mason,Kemp,67 Fosse Way,ARDOCHU,IV28 6HN,masonkemp@trashymail.com
362,Mrs,Yasmin,Kemp,73 Southend Avenue,BLACKFORD,CA6 3HX,yasminkemp@mailinator.com
363,Mrs,Aaliyah,Kennedy,9 Abingdon Road,BRASSINGTON,DE4 7ZF,aaliyahkennedy@trashymail.com
364,Mr,Oscar,Kennedy,60 Sutton Wick Lane,BRIDGWATER,TA6 0NN,oscarkennedy@pookmail.com
365,Mrs,Paige,Kennedy,76 Withers Close,ALLERFORD,TA24 3ZE,paigekennedy@mailinator.com
366,Mrs,Samantha,Kerr,32 Main Road,AUCHMAIR,AB54 2RH,samanthakerr@mailinator.com
367,Mrs,Emma,Kerr,26 Prestwick Road,INNERLEVEN,KY8 2BT,emmakerr@pookmail.com
368,Mrs,Amelia,Kerr,61 North Promenade,DORDON,B78 7WU,ameliakerr@dodgit.com
369,Mr,David,Khan,92 Mounthoolie Lane,SUTTON SCOTNEY,SO21 5YT,davidkhan@dodgit.com
370,Mr,Ryan,Khan,97 Greyfriars Road,CARDENDEN,KY5 7EB,ryankhan@pookmail.com
371,Mrs,Grace,Khan,7 Maidstone Road,WEREHAM,PE33 4XJ,gracekhan@spambob.com
372,Mrs,Yasmin,King,83 High St,THURNE,NR29 3LA,yasminking@trashymail.com
373,Mr,Nathan,King,41 Long Street,MILNSBRIDGE,HD4 5BD,nathanking@dodgit.com
374,Mrs,Maisie,King,21 Coast Rd,KIRKLAND,CA10 1TU,maisieking@mailinator.com
375,Mr,Aidan,Kirk,99 Terrick Rd,ELMORE,GL2 4QY,aidankirk@pookmail.com
376,Mrs,Gracie,Kirk,11 Hart Road,NORTHALLERTON,DL6 7ST,graciekirk@trashymail.com
377,Mrs,Evie,Kirk,37 Seafield Place,FOUR CROSSES,SY22 1TB,eviekirk@dodgit.com
378,Mr,Joel,Knight,49 Hendford Hill,MOUNTSTUART,PA20 3DE,joelknight@mailinator.com
379,Mrs,Ruby,Knight,15 Caerfai Bay Road,THAKEHAM,RH20 8TR,rubyknight@trashymail.com
380,Mrs,Mia,Knowles,15 Grenoble Road,BRAY SHOP,PL17 1FA,miaknowles@mailinator.com
381,Mrs,Eve,Lamb,38 Botley Road,MIDDLESTONE MOOR,DL16 9GX,evelamb@mailinator.com
382,Mrs,Aimee,Lambert,89 Osborne Road,KINGSDON,TA11 4ZN,aimeelambert@mailinator.com
383,Mr,Brandon,Lane,50 Hertingfordbury Rd,NEWTON,IV11 0EU,brandonlane@spambob.com
384,Mrs,Danielle,Leach,81 Leicester Road,AVOCH,IV9 4WB,danielleleach@trashymail.com
385,Mr,Luca,Lee,59 Roman Rd,LEIDEAG,HS9 3AZ,lucalee@dodgit.com
386,Mrs,Amber,Lee,42 Scotsburn Rd,SYDLING ST NICHOLAS,DT2 1XL,amberlee@dodgit.com
387,Mr,Finlay,Lees,84 Farburn Terrace,LITTLE OUSEBURN,YO5 9EY,finlaylees@pookmail.com
388,Mr,Charlie,Leonard,68 Cambridge Road,NOBOTTLE,NN7 4SP,charlieleonard@mailinator.com
389,Mrs,Jade,Leonard,6 Ballifeary Road,BALMARTIN,HS6 4SL,jadeleonard@pookmail.com
390,Mrs,Amy,Lewis,26 Walwyn Rd,CHAPELTOWN,AB37 2QL,amylewis@pookmail.com
391,Mrs,Ruby,Little,1 Wressle Road,POCKLEY,YO62 2WU,rubylittle@pookmail.com
392,Mrs,Jodie,Long,66 Walwyn Rd,CHARFIELD,GL12 6TS,jodielong@mailinator.com
393,Mr,Logan,Lord,8 Lammas Street,GREASBY,CH48 1HP,loganlord@mailinator.com
394,Mrs,Francesca,Lucas,54 Moulton Road,GURNEY SLADE,BA3 3NJ,francescalucas@pookmail.com
395,Mrs,Holly,Lucas,88 Wood Lane,BAGSTONE,GL12 9FL,hollylucas@mailinator.com
396,Mr,Joseph,Lucas,65 Helland Bridge,UPLODERS,DT6 9LL,josephlucas@spambob.com
397,Mrs,Gracie,Lucas,97 Hampton Court Rd,SOWERBY BRIDGE,HX6 9ER,gracielucas@mailinator.com
398,Mr,James,Macdonald,33 Park End St,BROME,IP23 1QS,jamesmacdonald@trashymail.com
399,Mr,Evan,Macdonald,61 Park Place,CASTLEBYTHE,SA62 2XQ,evanmacdonald@trashymail.com
400,Mrs,Katie,Macdonald,87 Merthyr Road,BURN OF CAMBUS,FK16 8ZD,katiemacdonald@pookmail.com
401,Mrs,Tegan,Mahmood,81 St Omers Road,HOCKLIFFE,LU7 3LY,teganmahmood@dodgit.com
402,Mrs,Jade,Mahmood,9 Horsefair Green,OLD MILVERTON,CV32 5HQ,jademahmood@mailinator.com
403,Mr,Rhys,Manning,60 Bootham Crescent,RICKLING GREEN,CB11 6NH,rhysmanning@spambob.com
404,Mr,Sean,Manning,46 Netherpark Crescent,STEAN,HG3 1UY,seanmanning@mailinator.com
405,Mrs,Georgina,Manning,95 Henley Road,BOXTED CROSS,CO4 7EJ,georginamanning@spambob.com
406,Mrs,Natasha,Marsden,22 Wade Lane,SANDFORD ORCAS,DT9 0EL,natashamarsden@spambob.com
407,Mrs,Libby,Marshall,19 Boughton Rd,WICKHAMBROOK,CB8 9XE,libbymarshall@dodgit.com
408,Mr,Benjamin,Mason,8 Coast Rd,KIRKFIELDBANK,ML11 3RH,benjaminmason@pookmail.com
409,Mr,Mohammed,Mason,84 Cambridge Road,NORMANBY,DN15 2EG,mohammedmason@dodgit.com
410,Mrs,Hannah,Matthews,35 Felix Lane,SHORESDEAN,TD15 7LL,hannahmatthews@trashymail.com
411,Mrs,Melissa,Matthews,35 Mill Lane,COSSALL,NG16 7GP,melissamatthews@spambob.com
412,Mrs,Grace,Matthews,72 Helland Bridge,UPPER BROUGHTON,LE14 8YZ,gracematthews@trashymail.com
413,Mrs,Ellie,McCarthy,13 Argyll Road,LLANDEILO GRABAN,LD2 6RG,elliemccarthy@pookmail.com
414,Mr,Tyler,McCarthy,5 Hart Road,NORTHFIELD,AB2 4XW,tylermccarthy@trashymail.com
415,Mrs,Eleanor,McCarthy,1 Caerfai Bay Road,THARSTON,NR15 5HZ,eleanormccarthy@pookmail.com
416,Mrs,Tegan,McCarthy,56 Wenlock Terrace,PEN-Y-BONT,SY21 7GE,teganmccarthy@spambob.com
417,Mr,Joseph,McKenzie,51 Grenoble Road,BRETTENHAM,IP24 4DU,josephmckenzie@dodgit.com
418,Mr,Louie,McLean,14 Stone Cellar Road,KINGSFOLD,SA71 5HU,louiemclean@pookmail.com
419,Mrs,Abigail,McLean,40 Southern Way,NORTH ORMSBY,LN11 9LH,abigailmclean@trashymail.com
420,Mrs,Holly,McLean,45 Wartnaby Road,ACKLAM,YO17 5TR,hollymclean@dodgit.com
421,Mrs,Kate,Mellor,51 Seafield Street,LLANWENOG,SA40 3HD,katemellor@spambob.com
422,Mr,Mohammed,Mellor,65 Merthyr Road,BUNCHREW,IV3 6LA,mohammedmellor@dodgit.com
423,Mr,Louie,Miah,56 Whitchurch Road,ENDERBY,LE9 3PW,louiemiah@pookmail.com
424,Mrs,Ellie,Middleton,45 Overton Circle,LITTLETHORPE,HG4 6GJ,elliemiddleton@mailinator.com
425,Mrs,Paige,Middleton,79 Spilman Street,GRANGE,IV3 7JP,paigemiddleton@trashymail.com
426,Mr,John,Miles,21 Park Terrace,GLAISTER,KA27 3RF,johnmiles@dodgit.com
427,Mrs,Poppy,Miles,9 Ross Road,MARSTON TRUSSELL,LE16 8DE,poppymiles@mailinator.com
428,Mrs,Ruby,Miller,28 Prince Consort Road,KELTY,KY4 0WU,rubymiller@mailinator.com
429,Mr,Ewan,Mills,18 Newport Road,CARIE,PH15 3HE,ewanmills@pookmail.com
430,Mr,Peter,Mills,68 Jubilee Drive,CATFORTH,PR4 3XF,petermills@dodgit.com
431,Mrs,Sarah,Mistry,67 Golden Knowes Road,FRITHELSTOCK STONE,EX38 0YF,sarahmistry@dodgit.com
432,Mr,Mohammad,Mistry,73 Holburn Lane,HELPERBY,YO6 8JA,mohammadmistry@mailinator.com
433,Mrs,Charlie,Moore,83 Hart Road,NORTHEND,BA1 9FN,charliemoore@trashymail.com
434,Mrs,Abigail,Morgan,26 Ivy Lane,WARD END,B8 2EQ,abigailmorgan@spambob.com
435,Mrs,Zara,Morgan,86 Balsham Road,HARMER HILL,SY4 5RD,zaramorgan@mailinator.com
436,Mr,Edward,Morley,50 St Maurices Road,PRESTON,ME13 7SW,edwardmorley@mailinator.com
437,Mr,Bailey,Morrison,40 Winchester Rd,MICKLEY,HG4 3HA,baileymorrison@mailinator.com
438,Mrs,Mollie,Morrison,40 Lairg Road,NEWBY WISKE,DL7 8LL,molliemorrison@dodgit.com
439,Mrs,Erin,Morton,16 Stroud Rd,OAKLEY,MK43 0YD,erinmorton@pookmail.com
440,Mr,Charlie,Murphy,76 Warner Close,HATHERLEIGH,EX20 5FP,charliemurphy@spambob.com
441,Mrs,Erin,Murray,18 Abbey Row,OAKFORD,SA47 2WA,erinmurray@mailinator.com
442,Mrs,Mia,Myers,98 London Road,COLLISTON,DD11 2RP,miamyers@dodgit.com
443,Mrs,Caitlin,Nash,10 Huntly Street,BARROW,IP29 5SA,caitlinnash@pookmail.com
444,Mrs,Ruby,Naylor,97 Maidstone Road,WERRINGTON,PL15 6HP,rubynaylor@spambob.com
445,Mrs,Jade,Naylor,26 St Andrews Lane,CWMBACH,HR3 6PR,jadenaylor@pookmail.com
446,Mrs,Zara,Naylor,81 Park Avenue,LAWLEY,TF4 0ZZ,zaranaylor@dodgit.com
447,Mrs,Melissa,Nelson,8 Guildry Street,GARNSWLLT,SA18 7YN,melissanelson@mailinator.com
448,Mrs,Natasha,Nelson,41 Traill Street,ROUD,PO38 1NZ,natashanelson@pookmail.com
449,Mrs,Shannon,Nelson,60 Marlborough Crescent,SOUTH STOKE,RG8 9QB,shannonnelson@dodgit.com
450,Mrs,Phoebe,Nelson,16 Mounthoolie Lane,SUTTON GRANGE,HG4 3RL,phoebenelson@trashymail.com
451,Mrs,Sienna,Newman,71 Seafield Street,LLECHRYD,SA43 5TH,siennanewman@mailinator.com
452,Mrs,Isobel,Newton,11 Union Terrace,LOGIE,KY15 6XD,isobelnewton@pookmail.com
453,Mrs,Isabella,Newton,18 Main Road,AUCHTERTOOL,KY2 7FL,isabellanewton@pookmail.com
454,Mr,Logan,Nicholson,70 Warner Close,HAUGHLEY NEW STREET,IP14 7QX,logannicholson@trashymail.com
455,Mrs,Freya,Nicholson,48 Helland Bridge,UPPER BENEFIELD,PE8 4FR,freyanicholson@mailinator.com
456,Mr,Zachary,Nixon,75 Union Terrace,LONDESBOROUGH,YO4 1PR,zacharynixon@spambob.com
457,Mr,Gabriel,Noble,30 Victoria Road,LISSINGTON,LN3 2PZ,gabrielnoble@trashymail.com
458,Mrs,Imogen,Noble,58 Merthyr Road,BURGHFIELD,RG31 7JY,imogennoble@dodgit.com
459,Mrs,Tia,Nolan,81 Preston Rd,MORTON,SY10 6AU,tianolan@trashymail.com
460,Mr,Zachary,Nolan,28 Argyll Street,STANFIELD,NR20 7FP,zacharynolan@pookmail.com
461,Mr,David,Norris,3 York Road,OUSBY,CA10 4RB,davidnorris@spambob.com
462,Mr,Dylan,North,70 Cheriton Rd,WEST LITTLETON,SN14 7PD,dylannorth@spambob.com
463,Mrs,Imogen,North,7 Ross Road,MARSTON MORETAINE,MK43 4YA,imogennorth@spambob.com
464,Mrs,Alisha,Norton,15 Fraserburgh Rd,LIMBRICK,PR6 1WQ,alishanorton@trashymail.com
465,Mr,William,O'Brien,37 Petworth Rd,DYFFRYN CELLWEN,SA10 4HW,williamobrien@spambob.com
466,Mrs,Elizabeth,O'Brien,95 Guild Street,LONDON,E9 3ZR,elizabethobrien@spambob.com
467,Mr,Jordan,O'Connor,11 Glenurquhart Road,BALLIEMORE,PH16 8QN,jordanoconnor@spambob.com
468,Mr,Louie,O'Donnell,80 Harrogate Road,RYLAND,LN2 0GL,louieodonnell@dodgit.com
469,Mrs,Bethany,O'Donnell,40 Prestwick Road,INGLEWHITE,PR3 3XY,bethanyodonnell@spambob.com
470,Mrs,Amelie,Oliver,41 Greyfriars Road,CANWELL HALL,B75 1UY,amelieoliver@mailinator.com
471,Mrs,Kayleigh,Oliver,67 Stroud Rd,OASBY,NG32 9ZH,kayleigholiver@trashymail.com
472,Mrs,Charlie,Oliver,47 North Road,NETHERTHIRD,DG7 0FQ,charlieoliver@pookmail.com
473,Mrs,Naomi,Oliver,19 Scrimshire Lane,ATHERSTONE,CV9 0FY,naomioliver@mailinator.com
474,Mrs,Danielle,O'Neill,36 Guildford Rd,EAST COTTINGWITH,YO4 2WL,danielleoneill@pookmail.com
475,Mr,Mohammed,O'Neill,14 High St,THROCKING,SG9 8QP,mohammedoneill@mailinator.com
476,Mrs,Alisha,Osborne,67 Terrick Rd,ELLWOOD,GL16 2DU,alishaosborne@mailinator.com
477,Mrs,Francesca,Osborne,22 Russell Rd,SHIREOAKS,S81 0LB,francescaosborne@dodgit.com
478,Mrs,Maddison,O'Sullivan,26 Chapel Lane,ARLEY,CW9 4NB,maddisonosullivan@pookmail.com
479,Mrs,Laura,O'Sullivan,67 Stroud Rd,OLD CROMBIE,AB54 0LL,lauraosullivan@spambob.com
480,Mr,Declan,O'Sullivan,5 Newport Road,CARLTON,MK43 2QU,declanosullivan@spambob.com
481,Mrs,Gracie,O'Sullivan,52 Glenurquhart Road,BALLAJORA,IM7 3LD,gracieosullivan@dodgit.com
482,Mrs,Georgina,Owen,12 Park Avenue,LAWKLAND,LA2 0HU,georginaowen@dodgit.com
483,Mr,Corey,Owen,45 Roker Terrace,LAPLEY,ST19 2BE,coreyowen@dodgit.com
484,Mrs,Amber,Owen,92 Annfield Rd,BEAUMONT,CO16 5ZD,amberowen@dodgit.com
485,Mr,Kai,Page,30 Scrimshire Lane,ASTON SUBEDGE,GL55 1SJ,kaipage@dodgit.com
486,Mr,Jay,Palmer,65 Ballifeary Road,BALLIMORE,FK19 7QH,jaypalmer@dodgit.com
487,Mr,Tyler,Parker,75 Guild Street,LONDON,SE18 3JU,tylerparker@pookmail.com
488,Mrs,Elizabeth,Parker,46 Dunmow Road,GRUNDISBURGH,IP13 6UD,elizabethparker@spambob.com
489,Mrs,Millie,Parkin,44 Ash Lane,YOULTON,YO6 0WJ,millieparkin@spambob.com
490,Mrs,Tilly,Parkinson,43 Old Edinburgh Road,BELL END,DY9 9UE,tillyparkinson@trashymail.com
491,Mr,Cameron,Parkinson,20 Lairg Road,NEW ULVA,PA31 1DE,cameronparkinson@mailinator.com
492,Mrs,Ellie,Parkinson,30 Main Road,AUCHGOURISH,PH24 8HU,ellieparkinson@pookmail.com
493,Mr,Alex,Parry,34 Scotswood Road,HOPEMAN,IV30 2RA,alexparry@spambob.com
494,Mrs,Courtney,Parsons,66 Wressle Road,PLOXGREEN,SY5 3LD,courtneyparsons@dodgit.com
495,Mrs,Matilda,Parsons,99 Caerfai Bay Road,TESTON,ME18 3DH,matildaparsons@dodgit.com
496,Mrs,Chelsea,Patel,44 Crown Street,LONDON,NG31 7AF,chelseapatel@mailinator.com
497,Mr,Patrick,Patel,94 Traill Street,ROSE GREEN,CO6 5JJ,patrickpatel@spambob.com
498,Mrs,Morgan,Patterson,25 Ilchester Road,MUSCOATES,YO6 3JQ,morganpatterson@spambob.com
499,Mrs,Megan,Peacock,74 Southend Avenue,BLACKBOROUGH END,PE32 5YE,meganpeacock@mailinator.com
500,Mr,Finley,Pearce,64 Stone Cellar Road,KINGSDOWN,CT14 2TR,finleypearce@trashymail.com
501,Mr,Alfie,Perkins,9 Farburn Terrace,LITTLE MELTON,NR9 8NR,alfieperkins@spambob.com
502,Mr,Morgan,Perry,89 Haslemere Road,ECCUP,LS16 9RP,morganperry@spambob.com
503,Mrs,Matilda,Peters,43 Long Street,MILLAND MARSH,GU30 6FL,matildapeters@spambob.com
504,Mrs,Sienna,Peters,33 Marlborough Crescent,SOUTHAM,GL52 4ND,siennapeters@trashymail.com
505,Mr,Rhys,Peters,51 Winchester Rd,MIDDLE ASSENDON,RG9 7QD,rhyspeters@mailinator.com
506,Mr,Michael,Phillips,74 Farburn Terrace,LITTLE DUNKELD,PH8 0HY,michaelphillips@spambob.com
507,Mrs,Keira,Pickering,13 Mill Lane,CORSEHILL,DG11 7QR,keirapickering@pookmail.com
508,Mrs,Lydia,Pickering,35 Annfield Rd,BEAUMONT,CA5 0HG,lydiapickering@trashymail.com
509,Mrs,Tilly,Pollard,67 Great Western Road,LORDSWOOD,SO16 6GU,tillypollard@trashymail.com
510,Mr,Bailey,Poole,68 Withers Close,ALLERTHORPE,YO4 8QY,baileypoole@mailinator.com
511,Mr,Joseph,Poole,16 Telford Street,BARBARAVILLE,IV18 9XZ,josephpoole@dodgit.com
512,Mr,Rhys,Poole,44 Rhosddu Rd,FFOREST,SA4 2YL,rhyspoole@trashymail.com
513,Mrs,Kiera,Poole,48 Gordon Terrace,BARWHINNOCK,DG6 4ED,kierapoole@spambob.com
514,Mr,Archie,Porter,61 Glandovey Terrace,TRESPARRETT POSTS,PL32 9ZF,archieporter@trashymail.com
515,Mrs,Libby,Porter,91 Union Terrace,LOGGIE,IV23 4EJ,libbyporter@trashymail.com
516,Mr,Matthew,Porter,1 Bishopgate Street,SEAMER,TS9 6AU,matthewporter@mailinator.com
517,Mrs,Laura,Porter,34 Jedburgh Road,LENWADE,NR9 7NW,lauraporter@mailinator.com
518,Mrs,Mollie,Potter,3 Hull Road,PAR,PL24 8NU,molliepotter@trashymail.com
519,Mrs,Lilly,Potts,37 Whatlington Road,COTTERSTOCK,PE8 1QF,lillypotts@mailinator.com
520,Mr,Oscar,Potts,35 Seaford Road,CULBONE,TA24 0GN,oscarpotts@pookmail.com
521,Mr,Harrison,Powell,51 Neville Street,ICKLETON,CB10 8GE,harrisonpowell@dodgit.com
522,Mrs,Ava,Power,40 Peachfield Road,CEMAES,LL67 0LF,avapower@pookmail.com
523,Mrs,Kayleigh,Power,10 Gordon Terrace,BAULDS,AB31 9WD,kayleighpower@pookmail.com
524,Mrs,Keira,Price,48 Thompsons Lane,MEMUS,DD8 2UT,keiraprice@trashymail.com
525,Mrs,Lola,Pritchard,58 Long Street,MILLHOUSE,PA21 3LG,lolapritchard@mailinator.com
526,Mr,Matthew,Pritchard,45 Shannon Way,CHILDSWICKHAM,WR12 8BS,matthewpritchard@pookmail.com
527,Mr,Dylan,Pugh,86 Harrogate Road,RUSHTON SPENCER,SK11 3UG,dylanpugh@spambob.com
528,Mrs,Jessica,Pugh,3 Stroude Road,SINGLEWELL OR IFIELD,DA12 1ZR,jessicapugh@pookmail.com
529,Mrs,Natasha,Pugh,78 Lincoln Green Lane,CHURCH LEIGH,ST10 7YQ,natashapugh@spambob.com
530,Mrs,Chloe,Pugh,30 Peachfield Road,CHAPEL CHORLTON,ST5 6ZU,chloepugh@spambob.com
531,Mr,Daniel,Quinn,97 Monks Way,TORVAIG,IV51 6HE,danielquinn@spambob.com
532,Mrs,Lydia,Randall,50 Cloch Rd,ST IVES,PE17 8ZR,lydiarandall@spambob.com
533,Mrs,Lydia,Read,80 Gloddaeth Street,BILLINGFORD,IP21 6ZZ,lydiaread@mailinator.com
534,Mrs,Chelsea,Rees,88 Carriers Road,CREGGANS,PA27 2LP,chelsearees@mailinator.com
535,Mrs,Molly,Rees,98 Prestwick Road,INVERARISH,IV40 4ZT,mollyrees@trashymail.com
536,Mr,Jake,Rees,7 West Lane,DALSHANGAN,DG7 7AD,jakerees@mailinator.com
537,Mrs,Cerys,Reeves,62 Long Street,MILLTOWN,S45 7YG,cerysreeves@mailinator.com
538,Mrs,Leah,Reid,96 Layburn Court,TRAFFORD PARK,M17 6SX,leahreid@mailinator.com
539,Mr,Corey,Reid,71 Walwyn Rd,CHAPELKNOWE,DG14 8WY,coreyreid@pookmail.com
540,Mr,Ethan,Reynolds,23 Trinity Crescent,WHIPSNADE,LU6 8DN,ethanreynolds@trashymail.com
541,Mrs,Katherine,Reynolds,21 Park Place,CARSLUITH,DG8 8ZR,katherinereynolds@trashymail.com
542,Mr,Archie,Reynolds,35 Castledore Road,TULLOCHGRIBBAN HIGH,PH26 2HU,archiereynolds@dodgit.com
543,Mrs,Isobel,Rhodes,67 Lamphey Road,THIRKLEBY,YO7 7TT,isobelrhodes@pookmail.com
544,Mrs,Paige,Rice,12 New Dover Rd,WALLINGTON,PO16 5ZX,paigerice@trashymail.com
545,Mr,Jay,Rice,84 Nenthead Road,HIGHAM WOOD,TN10 6AD,jayrice@dodgit.com
546,Mr,Daniel,Rice,2 Lairg Road,NEWBIGGING,AB35 3LB,danielrice@mailinator.com
547,Mrs,Alexandra,Richards,70 Brynglas Road,GLENELG,IV40 5HB,alexandrarichards@trashymail.com
548,Mr,Corey,Richards,36 Prince Consort Road,KELSTON,BA1 5AH,coreyrichards@trashymail.com
549,Mrs,Lily,Richardson,75 Horsefair Green,OLDBURY,WV16 0YR,lilyrichardson@pookmail.com
550,Mrs,Niamh,Roberts,56 Jubilee Drive,CASTLEWEARY,TD9 3AD,niamhroberts@dodgit.com
551,Mr,Alex,Robertson,32 Felix Lane,SHOSCOMBE,BA2 4FL,alexrobertson@spambob.com
552,Mrs,Abby,Robertson,76 Park Avenue,LAURIESTON,DG7 3GE,abbyrobertson@trashymail.com
553,Mrs,Olivia,Robertson,22 Cefn Road,FAULKLAND,BA3 9HU,oliviarobertson@spambob.com
554,Mrs,Maddison,Robertson,71 Seafield Street,LLANSPYDDID,LD3 4PZ,maddisonrobertson@mailinator.com
555,Mrs,Alexandra,Robson,39 New Dover Rd,WALSALL,WS1 3EL,alexandrarobson@trashymail.com
556,Mr,Ethan,Rose,29 Carriers Road,CROES-IAN,SA44 8TD,ethanrose@dodgit.com
557,Mr,Finlay,Rose,82 Wartnaby Road,ADDIEWELL,EH55 8SF,finlayrose@mailinator.com
558,Mrs,Aaliyah,Rose,7 Middlewich Road,FITZHEAD,TA4 1SE,aaliyahrose@spambob.com
559,Mr,Anthony,Ross,39 Petworth Rd,DUTHIL,PH23 6JE,anthonyross@mailinator.com
560,Mr,Sebastian,Ross,87 Harehills Lane,RUAN MINOR,TR12 4YJ,sebastianross@pookmail.com
561,Mr,Alfie,Rowe,43 Hull Road,PABAIL IARACH,HS2 7BW,alfierowe@spambob.com
562,Mr,Declan,Rowe,7 Fulford Road,PENNY BRIDGE,LA12 1AB,declanrowe@trashymail.com
563,Mr,Nicholas,Rowley,32 Colorado Way,RHYDLYDAN,LL24 1UR,nicholasrowley@dodgit.com
564,Mrs,Holly,Russell,44 North Road,NETHERCOTT,OX5 6SZ,hollyrussell@trashymail.com
565,Mrs,Victoria,Russell,76 Walwyn Rd,CHARTHAM HATCH,CT4 3JS,victoriarussell@pookmail.com
566,Mrs,Zara,Sanders,99 Warner Close,HATFIELD HYDE,AL7 2BB,zarasanders@mailinator.com
567,Mr,Ethan,Sanders,80 Wrexham Rd,FAKENHAM,NR21 7HN,ethansanders@pookmail.com
568,Mrs,Jasmine,Sanderson,94 Main St,ACHMORE,IV53 9JJ,jasminesanderson@pookmail.com
569,Mr,Ellis,Saunders,31 Brackley Road,TIDDINGTON,OX9 7LW,ellissaunders@trashymail.com
570,Mrs,Madison,Schofield,14 Uxbridge Road,SLAPTON,NN12 3DJ,madisonschofield@trashymail.com
571,Mr,Joseph,Schofield,12 Academy Street,BERWICK-UPON-TWEED,TD15 1PJ,josephschofield@dodgit.com
572,Mrs,Samantha,Scott,69 Neville Street,HUYTON,L36 6EL,samanthascott@mailinator.com
573,Mrs,Libby,Scott,8 South Crescent,LYNEMORE,PH26 5SX,libbyscott@spambob.com
574,Mr,Mohammed,Shah,17 Fore St,TRUMPAN,IV55 9XU,mohammedshah@mailinator.com
575,Mrs,Danielle,Shaw,39 Farburn Terrace,LITTLE MILL,NP4 0ZT,danielleshaw@trashymail.com
576,Mr,Spencer,Shaw,11 Eastbourne Rd,COLESDEN,MK44 7TD,spencershaw@pookmail.com
577,Mrs,Lola,Shepherd,59 Wressle Road,PLAYING PLACE,TR3 2QJ,lolashepherd@spambob.com
578,Mrs,Courtney,Sheppard,97 Thornton St,HUTTON HENRY,TS27 8BA,courtneysheppard@mailinator.com
579,Mr,James,Sheppard,33 Jubilee Drive,CATCLIFFE,S60 4ZZ,jamessheppard@pookmail.com
580,Mr,Sam,Sheppard,21 Rhosddu Rd,FINDRASSIE,IV30 7AF,samsheppard@dodgit.com
581,Mrs,Rosie,Sheppard,8 Whitchurch Road,ENHAM ALAMEIN,SP11 2NF,rosiesheppard@mailinator.com
582,Mr,Jamie,Sims,26 Copthorne Way,CALLISTERHALL,DG11 5TE,jamiesims@dodgit.com
583,Mrs,Alisha,Singh,42 Stroud Rd,OAKLANDS,AL6 3AW,alishasingh@trashymail.com
584,Mr,Tyler,Skinner,90 Scarcroft Road,PORTNACON,IV27 5EF,tylerskinner@dodgit.com
585,Mrs,Libby,Skinner,71 Uxbridge Road,SKIRWITH,CA10 3XL,libbyskinner@spambob.com
586,Mrs,Sofia,Skinner,87 Grey Street,KESGRAVE,IP5 1YH,sofiaskinner@mailinator.com
587,Mrs,Naomi,Smart,85 Kendell Street,SHELLEY,IP7 3HP,naomismart@mailinator.com
588,Mrs,Sophie,Smart,4 Whatlington Road,COT-TOWN,AB54 6DN,sophiesmart@spambob.com
589,Mr,Robert,Smith,68 Argyll Street,STANBRIDGE EARLS,SO51 5GS,robertsmith@spambob.com
590,Mrs,Sarah,Steele,84 Southlands Road,PONT-RHYD-Y-GROES,SY25 0FN,sarahsteele@dodgit.com
591,Mrs,Millie,Steele,79 Crescent Avenue,DUDSBURY,BH22 4QZ,milliesteele@spambob.com
592,Mr,Callum,Stephens,75 Canterbury Road,VERWIG,SA43 9ER,callumstephens@dodgit.com
593,Mrs,Molly,Stephens,91 Lamphey Road,THORINGTON,IP19 4NY,mollystephens@spambob.com
594,Mr,William,Stevens,41 Thirsk Road,BLAIRHALL,KY12 9RT,williamstevens@spambob.com
595,Mr,Kai,Stevens,13 St Omers Road,HOAR CROSS,DE13 3SU,kaistevens@pookmail.com
596,Mr,Callum,Stevenson,93 Gordon Terrace,BARVAS,HS2 5NY,callumstevenson@trashymail.com
597,Mr,Max,Stokes,92 Castledore Road,TURWESTON,NN13 4DJ,maxstokes@dodgit.com
598,Mrs,Eleanor,Stone,20 Ross Road,MARTIN DROVE END,SP6 8LD,eleanorstone@pookmail.com
599,Mrs,Lauren,Stone,84 Gloucester Road,CLAPGATE,BH21 5HN,laurenstone@spambob.com
600,Mr,Andrew,Storey,37 Whitby Road,DHOWIN,IM7 5YP,andrewstorey@mailinator.com
601,Mr,Riley,Storey,13 Bishopgate Street,SCRUTON,DL7 8ZE,rileystorey@pookmail.com
602,Mrs,Amelie,Sullivan,16 Gordon Terrace,BATTLESBRIDGE,SS11 4PZ,ameliesullivan@mailinator.com
603,Mrs,Keira,Sullivan,7 Rhosddu Rd,FILLONGLEY,CV7 0GL,keirasullivan@mailinator.com
604,Mrs,Zoe,Sullivan,2 St Andrews Lane,DALBRECK,IV28 9JX,zoesullivan@pookmail.com
605,Mr,Louie,Sullivan,89 Merthyr Road,BURGESS HILL,RH15 8BX,louiesullivan@spambob.com
606,Mr,Josh,Swift,18 Baldock Street,NEWTON,EH52 7JR,joshswift@dodgit.com
607,Mrs,Molly,Swift,26 Wrexham Rd,EYNSFORD,DA4 2HG,mollyswift@spambob.com
608,Mrs,Alisha,Sykes,32 Grey Street,KETTERINGHAM,NR18 7JA,alishasykes@trashymail.com
609,Mrs,Charlie,Sykes,98 Whitchurch Road,ELSHAM,DN20 9PJ,charliesykes@mailinator.com
610,Mrs,Yasmin,Talbot,86 Trinity Crescent,WHAPLODE DROVE,PE12 2AU,yasmintalbot@trashymail.com
611,Mrs,Sarah,Talbot,20 Davids Lane,STURTON LE STEEPLE,DN22 1YH,sarahtalbot@pookmail.com
612,Mrs,Bethany,Thomas,15 Church Way,BRADFIELD ST GEORGE,IP30 9UB,bethanythomas@trashymail.com
613,Mr,James,Thomson,23 Nottingham Rd,ABER BARGOED,CF81 5LS,jamesthomson@dodgit.com
614,Mrs,Evie,Thornton,66 Union Terrace,LOCHLAIR,DD8 2QW,eviethornton@spambob.com
615,Mrs,Morgan,Thornton,16 York Road,OVINGHAM,NE42 8WD,morganthornton@spambob.com
616,Mrs,Alicia,Thornton,45 Ilchester Road,MUIRHEAD,G69 0LH,aliciathornton@dodgit.com
617,Mrs,Amber,Thornton,27 Roker Terrace,LATHRISK,KY15 9UG,amberthornton@trashymail.com
618,Mr,Callum,Thorpe,14 Layburn Court,TRALLONG,LD3 2XD,callumthorpe@mailinator.com
619,Mrs,Nicole,Thorpe,43 Osborne Road,KINCLAVEN,PH1 5EB,nicolethorpe@mailinator.com
620,Mrs,Ruby,Townsend,92 Netherpark Crescent,STEANE,NN13 5JN,rubytownsend@spambob.com
621,Mr,Kyle,Townsend,13 Lamphey Road,THE VAULD,HR1 0AH,kyletownsend@spambob.com
622,Mrs,Maya,Tucker,33 Thirsk Road,BLAYDON,NE21 9LH,mayatucker@trashymail.com
623,Mrs,Amber,Turner,65 George Street,BROXBOURNE,EN10 1JQ,amberturner@pookmail.com
624,Mr,Archie,Turner,74 Winchester Rd,MERCASTON,DE6 0JX,archieturner@trashymail.com
625,Mrs,Brooke,Vaughan,24 Marcham Road,BOTOLPH CLAYDON,MK18 4XW,brookevaughan@mailinator.com
626,Mrs,Rachel,Vaughan,14 Whatlington Road,COUPAR ANGUS,PH13 0HJ,rachelvaughan@pookmail.com
627,Mrs,Charlie,Vincent,74 Temple Way,WITHERSFIELD,CB9 2LU,charlievincent@spambob.com
628,Mr,Luke,Vincent,46 Peachfield Road,CELLARDYKE,KY10 6UZ,lukevincent@mailinator.com
629,Mrs,Keira,Wade,50 Roman Rd,LECKMELM,IV23 7PX,keirawade@mailinator.com
630,Mrs,Maisie,Wade,4 Trinity Crescent,WHITCHURCH,CF4 4GB,maisiewade@trashymail.com
631,Mr,Christopher,Wade,75 Stone Cellar Road,KINGUSSIE,PH21 2EJ,christopherwade@pookmail.com
632,Mrs,Libby,Wall,82 Crescent Avenue,DRUMNADROCHIT,IV3 2SD,libbywall@mailinator.com
633,Mrs,Lara,Wall,65 Uxbridge Road,SLAMANNAN,FK1 6JG,larawall@trashymail.com
634,Mrs,Kiera,Wall,23 Netherpark Crescent,STAVELEY,S43 2LQ,kierawall@pookmail.com
635,Mrs,Demi,Wall,63 Copthorne Way,CAMERON,G83 8SH,demiwall@pookmail.com
636,Mr,Zak,Wallace,44 Wressle Road,PLAYDEN,TN31 5DP,zakwallace@dodgit.com
637,Mrs,Jennifer,Walsh,11 Shannon Way,CHITHURST,GU31 5NU,jenniferwalsh@dodgit.com
638,Mrs,Elise,Walters,59 Walwyn Rd,CHARTHAM,CT4 2GH,elisewalters@spambob.com
639,Mrs,Isabelle,Walters,29 Cloch Rd,ST OWEN'S CROSS,HR2 6FZ,isabellewalters@dodgit.com
640,Mrs,Naomi,Walters,18 Hindhead Road,EARSHAM,NR35 0SF,naomiwalters@trashymail.com
641,Mrs,Lucy,Walters,53 Felix Lane,SHUTE,EX13 0HN,lucywalters@mailinator.com
642,Mrs,Eleanor,Walton,17 Terrick Rd,EGGINGTON,LU7 8EL,eleanorwalton@dodgit.com
643,Mrs,Jennifer,Walton,54 Newmarket Road,HAWKSHEAD,LA22 0SJ,jenniferwalton@trashymail.com
644,Mr,Bailey,Warren,24 Abbey Row,NOSELEY,LE7 9XJ,baileywarren@pookmail.com
645,Mrs,Jade,Waters,73 Annfield Rd,BEDALE,DL8 7JF,jadewaters@pookmail.com
646,Mrs,Alicia,Waters,4 New Dover Rd,WALFORD,HR9 6JX,aliciawaters@mailinator.com
647,Mr,Joseph,Waters,20 Vicar Lane,SANDTOFT,DN8 2EY,josephwaters@trashymail.com
648,Mrs,Faith,Waters,53 Manor Way,GREAT SANKEY,WA5 0AF,faithwaters@pookmail.com
649,Mrs,Victoria,Watkins,98 Kingsway North,HOLMER GREEN,HP15 4AW,victoriawatkins@mailinator.com
650,Mrs,Harriet,Watkins,25 Park Avenue,LAWFORD,CO11 1GZ,harrietwatkins@pookmail.com
651,Mr,William,Watkins,61 Horsefair Green,OLD WARDEN,SG18 4ZP,williamwatkins@pookmail.com
652,Mr,Jacob,Watson,34 Crescent Avenue,DUCK END,CM6 9ZL,jacobwatson@mailinator.com
653,Mrs,Charlie,Watson,45 Warner Close,HATTON HEATH,CH3 0TJ,charliewatson@mailinator.com
654,Mr,Jamie,Watson,14 Boroughbridge Road,BIRTLEY,NE48 1RS,jamiewatson@trashymail.com
655,Mrs,Grace,Watts,86 New Dover Rd,WALCOT,TF6 8WZ,gracewatts@spambob.com
656,Mr,Cameron,Watts,69 Cambridge Road,NORMANBY,DN15 4QH,cameronwatts@dodgit.com
657,Mr,Bailey,Watts,7 St Andrews Lane,CWMFFRWD,SA31 7RL,baileywatts@mailinator.com
658,Mrs,Charlotte,Webb,51 George Street,BROUGHAM,CA10 2LR,charlottewebb@dodgit.com
659,Mrs,Francesca,Webster,27 Boroughbridge Road,BISHOP NORTON,LN2 9QQ,francescawebster@pookmail.com
660,Mrs,Ava,Webster,50 Church Way,BRADLEY,ST18 1DH,avawebster@pookmail.com
661,Mrs,Paige,Welch,36 St Denys Road,POUND GREEN,TN22 9AE,paigewelch@spambob.com
662,Mrs,Francesca,Welch,13 Fore St,TRIANGLE,HX6 3HN,francescawelch@pookmail.com
663,Mr,Jay,Welch,57 Duckpit Lane,UPPER LARGO,KY8 8GF,jaywelch@trashymail.com
664,Mrs,Brooke,Wells,61 South Street,MONEYDIE,PH1 0XA,brookewells@trashymail.com
665,Mr,Nathan,West,22 Newmarket Road,HEADLESS CROSS,B97 1BZ,nathanwest@pookmail.com
666,Mrs,Freya,West,43 Ramsgate Rd,WILLOWS GREEN,CM3 3TD,freyawest@trashymail.com
667,Mrs,Demi,West,28 Prince Consort Road,KELLAN,PA72 9RL,demiwest@mailinator.com
668,Mr,Declan,Weston,31 Huntly Street,BARNHAM,PO22 4ZT,declanweston@dodgit.com
669,Mrs,Cerys,Wheeler,60 Thompsons Lane,MELVERLEY GREEN,SY22 1NZ,ceryswheeler@trashymail.com
670,Mr,Leo,Wheeler,61 Worthy Lane,MATTISHALL,NR20 6LG,leowheeler@pookmail.com
671,Mrs,Abbie,White,13 Withers Close,ALDWINCLE,NN14 7YS,abbiewhite@pookmail.com
672,Mr,Louie,Whitehead,87 Red Lane,ETTRICKBRIDGE,TD7 7LN,louiewhitehead@pookmail.com
673,Mr,Nathan,Whitehead,20 Nenthead Road,HIGH ONGAR,CM5 5LX,nathanwhitehead@trashymail.com
674,Mrs,Zoe,Whitehead,59 Marlborough Crescent,SOUTH PICKENHAM,PE37 0YZ,zoewhitehead@trashymail.com
675,Mr,Joe,Whitehouse,33 Lamphey Road,THISTLETON,LE15 6GX,joewhitehouse@spambob.com
676,Mrs,Lara,Whittaker,31 Union Terrace,LOLWORTH,CB3 7BQ,larawhittaker@dodgit.com
677,Mrs,Phoebe,Whittaker,95 Kent Street,CROSBY,IM4 7DJ,phoebewhittaker@dodgit.com
678,Mrs,Nicole,Whittaker,44 Oxford Rd,WOOTTON BASSETT,SN4 1DZ,nicolewhittaker@pookmail.com
679,Mr,Muhammad,Wilkins,9 Roman Rd,LEIGH,GL19 6FD,muhammadwilkins@pookmail.com
680,Mr,Finley,Wilkins,71 Ballifeary Road,BALNACRA,IV54 5FU,finleywilkins@mailinator.com
681,Mrs,Lilly,Wilkins,6 Uxbridge Road,SKELTON,CA11 8NU,lillywilkins@pookmail.com
682,Mr,Josh,Wilkinson,93 Holgate Rd,RANWORTH,NR13 0FZ,joshwilkinson@pookmail.com
683,Mrs,Amelia,Williamson,77 North Promenade,DOUGLAS HILL,LL57 6XG,ameliawilliamson@trashymail.com
684,Mr,Joe,Willis,86 Farburn Terrace,LITTLE DOWNHAM,CB6 9WZ,joewillis@trashymail.com
685,Mrs,Jasmine,Wilson,4 Sloe Lane,CRUACH,PA43 2GD,jasminewilson@pookmail.com
686,Mrs,Elizabeth,Winter,25 Warner Close,HAWARDEN,CH5 4XL,elizabethwinter@trashymail.com
687,Mr,Toby,Wood,13 Freezeland Lane,CRAIBSTONE,AB56 0UD,tobywood@trashymail.com
688,Mr,Kyle,Wright,47 Thames Street,BONHILL,G83 3TQ,kylewright@dodgit.com
689,Mr,Archie,Wyatt,89 Front St,HENFIELD,BN5 7BE,archiewyatt@trashymail.com
690,Mrs,Lucy,Wyatt,65 Ross Road,MARSTON,B76 3FQ,lucywyatt@spambob.com
691,Mrs,Georgia,Wyatt,11 Copthorne Way,CALSTONE WELLINGTON,SN10 4NZ,georgiawyatt@trashymail.com
692,Mrs,Maddison,Young,81 High St,THRUXTON,SP11 5LS,maddisonyoung@dodgit.com
